ccode,scode,torg,group
630,IRN,T896,GROUP OF THE MARTYRS MOSTAFA SADEKI AND ALI ZADEH
630,IRN,T1405,ISLAMIC TASK ORGANIZATION
630,IRN,T1246,PEYKAR-E TABAQEH-E KARGAR
630,IRN,T378,RED EAGLES
630,IRN,T310,MUJAHEDIN-E KHALQ (MEK)
630,IRN,T263,KURDISTAN WORKER'S PARTY (PKK)
630,IRN,T87,HAYASTANI AZATAGRUT'YAN HAY GAGHTNI BANAK
630,IRN,T1387,PEOPLE'S FEDAYEEN
630,IRN,T897,ISLAMIC ORGANIZATION FOR THE LIBERATION OF QODS
630,IRN,T353,ORLY ORGANIZATION
630,IRN,T208,HEZBOLLAH
630,IRN,T225,ISLAMIC ACTION IN IRAQ
630,IRN,T461,MILLAT-E-ISLAMIA/PAKISTAN
630,IRN,T1001,ARAB STRUGGLE MOVEMENT FOR THE LIBERATION OF AHVAZ
630,IRN,T133,COMITE DE SOUTIEN AVEC LES PRISONNIERS POLITIQUES ET ARABES ET DU MOYEN-ORIENT
630,IRN,T28,AL QAIDA
630,IRN,T1782,KURDISH DEMOCRATIC PARTY-IRAN (KDP)
630,IRN,T895,GENERATION OF ARAB FURY
630,IRN,T1464,SHAHIN (FALCON)
630,JAISH,T2254,ANSAR SARALLAH
630,IRN,T2364,MAHDAVIYAT
630,IRN,T1971,KURDISTAN FREE LIFE PARTY
630,IRN,T947,JONDULLAH
630,IRN,T262,KURDISTAN FREEDOM FALCONS
630,IRN,T1353,AL-AHWAZ ARAB PEOPLE'S DEMOCRATIC FRONT
630,IRN,T2261,ARMED RENAISSANCE GROUP OF AHVAZ
630,JAISH,T1366,ARMED YOUTH OF CHERIKHA-YE FADAYEE
630,IRN,T879,ARBAV MARTYRS OF KHUZESTAN
630,IRN,T2419,JIHADI MOVEMENT OF THE SUNNA PEOPLE OF IRAN
630,IRN,T1585,ARAB PEOPLE'S GROUP
630,IRN,T2641,HARAKAT ANSAR IRAN
710,CHN,T2230,14K TRIAD
710,CHN,T156,EASTERN TURKISTAN ISLAMIC MOVEMENT (ETIM)
710,CHN,T155,EASTERN TURKISTAN LIBERATION ORGANIZATION
710,CHN,T525,UYGUR HOLY WAR ORGANIZATION
710,CHN,T639,TURKESTAN ISLAMIC PARTY (CHINA)
645,IRQ,T1117,IRAQI MUJAHEDIN MOVEMENT
645,IRQ,T1973,FURY BRIGADE
645,IRQ,T935,ARMY OF AL-SUNNAH WAH JAMA'S
645,IRQ,T1959,SARAYA AL JIHAD GROUP
645,IRQ,T699,JEISH MUHAMMAD (JM) (IRAQ)
645,IRQ,T2025,LEAGUES OF THE PEOPLE OF IRAQ
645,IRQ,T912,UNITED ORGANIZATION OF HALABJAH MARTYRS
645,IRQ,T941,ALI BIN ABU TALIB BRIGADES
645,IRQ,T1961,AL-FATIHEEN ARMY
645,IRQ,T1420,KURDISTAN DEMOCRATIC PARTY (KDP)
645,IRQ,T1405,ISLAMIC TASK ORGANIZATION
645,IRQ,T481,ANATHEMA AND EXILE
645,IRQ,T73,ARAB LIBERATION FRONT (ALF)
645,IRQ,T1924,SUPREME COUNCIL FOR ISLAMIC REVOLUTION IN IRAQ (SCIRI)
645,IRQ,T310,MUJAHIDEEN E KHALQ
645,IRQ,T3,FATAH REVOLUTIONARY COUNCIL
645,IRQ,T263,THE PEOPLES CONGRESS OF KURDISTAN
645,IRQ,T2051,ARMY OF ANSAR AL-MUSLIMIN
645,IRQ,T1445,PATRIOTIC UNION OF KURDISTAN
645,IRQ,T261,KURDISH PATRIOTIC UNION
645,FRG,T292,ARAB ORGANIZATION OF MAY 15
645,IRQ,T1169,MARTYR ABU JAFAR GROUP
645,IRQ,T563,COMMUNIST PARTY OF INDIA MAOIST (CPI/M)
645,IRQ,T2271,BADR ORGANIZATION
645,IRQ,T225,MOVEMENT OF ISLAMIC ACTION OF IRAQ
645,IRQ,T222,IRAQI DEMOCRATIC FRONT
,,,
645,IRQ,T1518,KURDISTAN NATIONAL UNION
645,IRQ,T233,ISLAMIC SALVATION FRONT
645,IRQ,T345,TANZIM QAIDAT AL-JIHAD FI BILAD AL-RAFIDAYN
645,IRQ,T1743,IRAQI REVOLUTIONARY FORCES
645,IRQ,T2325,IRAQI ISLAMIC VANGUARDS FOR NATIONAL SALVATION (IIVNS)
645,IRQ,T1393,AL-KATIBAT AL-KHADRA
645,IRQ,T1960,AL-MURABITUN BRIGADES
645,IRQ,T232,ISLAMIC RESISTANCE BRIGADES
645,IRQ,T2333,IRAQI FREE FIGHTERS COMMAND
645,IRQ,T53,ANSAR AL-SUNNA (AS) SHARIAH
645,IRQ,T2112,SOLDIERS OF GOD
645,IRQ,T53,ARMY OF ANSAR AL-SUNNAH
645,IRQ,T51,SUPPORTERS OF ISLAM
645,IRQ,T2698,ISLAMIC STATE OF IRAQ
645,IRQ,T226,ISLAMIC ARMY IN IRAQ (IAI)
645,IRQ,T524,USD ALLAH
645,IRQ,T283,JAISH AL-MEHDI
645,IRQ,T2026,IRAQI HAMAS/ISLAMIC RESISTANCE MOVEMENT
645,IRQ,T229,ISLAMIC JIHAD BRIGADES
645,IRQ,T2027,AL-RASHIDEEN
645,IRQ,T1971,THE FREE LIFE PARTY OF KURDISTAN
645,IRQ,T826,ARMY OF THE VICTORIOUS COMMUNITY
645,IRQ,T1958,JAISH AL-FURGAN
645,IRQ,T1509,ISLAMIC MOVEMENT OF IRAQI MUJAHIDEEN
645,IRQ,T939,TWENTIETH REVOLUTION BRIGADES
645,IRQ,T1,ABU BAKR AL-SIDDIQ BRIGADES
645,IRQ,T2262,ARMED VANGUARDS OF A SECOND MOHAMMED ARMY
645,IRQ,T2,ABU HAFS AL-MASRI BRIGADE
645,IRQ,T1993,NATIONAL ISLAMIC RESISTANCE
645,IRQ,T649,ABU AL-ABBAS
645,IRQ,T16,JIHADIST AL-FARUQ BRIGADES
645,IRQ,T1407,AL-JABHAH AL-ISLAMIYAH AL-MUQAWAMAH AL-IRAQIYAH (JAMI)
645,IRQ,T2344,JIHAD MARTYR'S COMPANIES IN IRAQ
645,IRQ,T1977,MUTASSIM BELLAH BRIGADE
645,IRQ,T2375,MUJAHEDEEN BRIGADES
645,IRQ,T1406,ISLAMIC AL-WAQQAS BRIGADE
645,IRQ,T52,ANSAR AL-JIHAD
645,IRQ,T1976,BLACK BANNER BRIGADE
645,IRQ,T1386,FALLUJAH MUJAHIDEEN
645,IRQ,T1430,MUJAHIDEEN ARMY
645,IRQ,T854,KARBALA BRIGADES
645,IRQ,T1374,SQUADRONS DEFENDING HOLY PLACES
645,IRQ,T1362,ANSAR AL-DIN
645,IRQ,T153,KATA'IB AL-GHADAB AL-ILAHI
645,IRQ,T1382,MUJAHEDEEN OF IRAQ
645,IRQ,T1431,SARAYA USUD AL-TAWHID
645,IRQ,T1410,ISLAMIC MOVEMENT OF HOLY WARRIORS
645,IRQ,T839,BRIGADES OF MARTYR AHMED YASSIN
645,IRQ,T1992,SALAFIAH AL-MUJAHIDIAH
645,IRQ,T644,SARAYA ASAD-ALLAH AL-GHALIB
645,IRQ,T2238,AL ZAWAHIRI LOYALISTS
645,IRQ,T262,KURDISTAN FREEDOM HAWKS
645,IRQ,T2377,MUJAHEDEEN GROUP
645,IRQ,T1402,IRAQI LEGITIMATE RESISTANCE
645,IRQ,T1437,OMAR BIN AL-KHATTAB BRIGADES
645,IRQ,T91,ARMY OF THE FOLLOWERS OF SUNNI ISLAM
645,IRQ,T1411,BRIGADES OF ISLAMIC ANGER
645,IRQ,T488,HOLDERS OF THE BLACK BANNERS
645,IRQ,T978,KHALID IBN WALID BRIGADE
645,IRQ,T449,JIHADIST MARTYRS BRIGADES IN IRAQ
645,IRQ,T1398,QATTA'AB AL-IMAM AL-HUSSEIN
645,IRQ,T1566,SUPPORTERS OF THE SUNNI PEOPLE
645,IRQ,T914,MAJLIS SHURA MUJAHIDEEN FI AL-IRAQ
645,IRQ,T1418,JUNAID JIHADIST BATTALION
645,IRQ,T827,AL-HASSAN AL-BASRI BATTALIONS
645,IRQ,T852,IRAQI REVENGE BRIGADES
645,IRQ,T1356,KNIGHTS BRIGADES
645,IRQ,T859,PROTECTORS OF ISLAM BRIGADE
645,IRQ,T1395,HAWK BRIGADES
645,IRQ,T1371,BATTALION OF THE LOOK-OUT FOR IRAQ
645,IRQ,T1415,JIHAD BASE
645,IRQ,T1460,SA'D IBN ABI-WAQQAS BRIGADES
645,IRQ,T1428,MUADH IBN JABAL BRIGADE
645,IRQ,T937,AL AHWAL HORRORS BRIGADES
645,IRQ,T1434,NINAWA MUJAHIDEEN IN THE CITY OF MOSUL
645,IRQ,T1443,PARTISANS OF THE SUNNI
645,IRQ,T1471,GROUP FOR THE PROPAGATION OF VIRTUE AND THE PREVENTION OF VICE
645,IRQ,T1468,SWORDS OF RIGHTEOUSNESS BRIGADES
645,IRQ,T1466,JAMAAT JUND AL-SAHABA
645,IRQ,T1451,PUNISHMENT BRIGADE FOR THE AL-JAAFARI GOVERNMENT
645,IRQ,T2292,DIYALA SALVATION COUNCIL
645,IRQ,T1384,DHI QAR ORGANIZATION
645,IRQ,T2338,JAISH-E-MOHAMMAD (IRAQ)
645,IRQ,T988,ASA'IB AHL AL-HAQ (AAH)
645,IRQ,T2252,ANBAR SALVATION COUNCIL
645,IRQ,T1370,BANNER OF ISLAM
645,IRQ,T2029,AL-TAMKIN BRIGADES
645,IRQ,T1357,IMAM ALI BRIGADE
645,IRQ,T2028,IRAQ'S JIHADIST LEAGUES
645,IRQ,T1373,AL-TAWHID BRIGADES ORGANIZATION
645,IRQ,T2329,ISLAMIC COMPANIES
645,IRQ,T2345,JIHADIST SOLDIERS
645,IRQ,T1974,JIHAD AND REFORM FRONT
645,IRQ,T2349,JUST PUNISHMENT BRIGADES
645,IRQ,T2031,UMAR BRIGADES
645,IRQ,T936,SARAYA ANSAR AL-TAWHID
645,IRQ,T2035,MUSTAFA BATTALIONS
645,IRQ,T938,AL-GHURABA BRIGADES
645,IRQ,T2034,ARMY OF THE NAQSHBANDI WAY
645,IRQ,T555,AL-FATIHIN ARMY (AFA)
645,IRQ,T2487,MUNADIL AL-JUMALYI BRIGADE
645,IRQ,T2519,SUPREME COMMAND FOR JIHAD AND LIBERATION
645,IRQ,T2427,JUND AL-TAWID
645,IRQ,T2515,SHIELD OF ISLAM BRIGADE
645,IRQ,T1601,ARAB SOCIALIST BAATH PARTY OF IRAQ
645,IRQ,T2181,AL-NAQSHABANDIYA
704,UZB,T1991,HIZB UT-TAHRIR AL-ISLAMI
704,UZB,T28,QA'IDAT AL-JIHAD
704,UZB,T231,ISLAMIC MOVEMENT OF UZBEKISTAN
704,UZB,T230,ISLAMIC JIHAD GROUP (UZBEKISTAN) (JIG)
704,UZB,T2411,ISLAMIC JIHAD UNION (UZBEKISTAN)
160,ARG,T564,PERONIST YOUTH (JP)
160,ARG,T562,WORKERS REVOLUTIONARY ARMY OF ARGENTINA
160,ARG,T182,FRENTE DE LIBERACION NACIONAL DEL VIETNAM DEL SUR
160,ARG,T370,PEOPLE'S REVOLUTIONARY ARMY (ARGENTINA)
160,ARG,T1427,ARGENTINE NATIONAL ORGANIZATION MOVEMENT (MANO)
160,ARG,T1074,ARGENTINE LIBERATION FRONT (FAL)
160,ARG,T299,MOVIMIENTO PERONISTA MONTONERO
160,ARG,T375,FUERZAS ARMADAS PERONISTAS (FAP)
160,ARG,T350,OPR-33
160,ARG,T129,ARGENTINE COMMITTEE OF THE STRUGGLE AGAINST IMPERIALISM
160,ARG,T880,ARGENTINE ANTICOMMUNIST ALLIANCE (AAA)
160,ARG,T121,CHE GUEVARA INTERNATIONAL BRIGADE
160,ARG,T1045,COORDINATION OF THE UNITED REVOLUTIONARY ORGANIZATION (CORU)
160,ARG,T457,SHINING PATH (SL)
160,ARG,T208,PARTY OF GOD
160,ARG,T961,2 APRIL GROUP
160,ARG,T1595,ACTIVE ESPIRIT DE CORPS OF THE ARGENTINA ARMY
160,ARG,T1850,OAS-MRP
160,ARG,T1604,ALL FOR THE FATHERLAND MOVEMENT
160,ARG,T1877,POPULAR RESISTANCE FRONT (FPR)
160,ARG,T163,EVA PERON ORGANIZATION
160,ARG,T1753,ISLAMIC REVOLUTIONARY COMMAND
160,ARG,T373,PEOPLE'S REVOLUTIONARY ORGANIZATION
160,ARG,T1376,COLONEL DORREGO ANTI-IMPERIALIST COMMAND
160,ARG,T992,ANTI-IMPERIALIST COMMANDO
160,ARG,T1463,RODOLFO WALSH NATIONAL COMMAND
160,ARG,T2289,COMANDO MALVINAS ARGENTINAS
160,ARG,T146,DARIO SANTILLAN COMMAND
160,ARG,T286,MARIANO MORENO NATIONAL LIBERATION COMMANDO
160,ARG,T2510,REVOLUTIONARY CELLS (ARGENTINA)
160,ARG,T2539,VANDALICIA TEODORO SUAREZ
160,ARG,T2413,JACINTO ARAUJO INTERNATIONALIST REBEL INSURRECTIONIST BRIGADE
160,ARG,T600,ANARKISTA JORGE BANOS FRONT OF THE EVERYONE FOR THE HOMELAND MOVEMENT (MTP)
160,ARG,T1669,NECLEO DE CONSPIRADORES POR LA EXTENSIîN DE KAOS
483,TCD,T2130,CHADIAN NATIONAL ACCORD (CNT)
483,TCD,T118,CHADIAN PEOPLE'S REVOLUTIONARY MOVEMENT
483,TCD,T1197,NATIONAL RESISTANCE FRONT (CHAD)
483,TCD,T956,FROLINAT
483,TCD,T1104,IDRISS MISKINE GROUP
483,TCD,T1748,ISLAMIC LEGION
483,TCD,T1426,MOVEMENT FOR DEMOCRACY AND DEVELOPMENT (MDD)
483,TCD,T1671,COMMITTEE FOR A NATIONAL DRIVE FOR PEACE AND DEMOCRACY
483,TCD,T2121,ALLIANCE NATIONALE DE LA RESISTANCE
483,TCD,T2556,ARMED FORCES OF THE FEDERAL REPUBLIC
483,TCD,T2342,JANJAWEED
483,TCD,T305,MOUVEMENT POUR LA DEMOCRATIE ET LA JUSTICE AU TCHAD
483,TCD,T2455,UNION OF DEMOCRATIC FORCES (UFD)
483,TCD,T2168,JUSTICE AND EQUALITY MOVEMENT (JEM)
483,TCD,T2199,RALLY OF DEMOCRATIC FORCES (RAFD) (CHAD)
483,TCD,T2119,FUTURE MOVEMENT (LEBANON)
483,TCD,T724,UNITED FRONT FOR DEMOCRATIC CHANGE
483,TCD,T2118,CHADIAN ACTION FOR UNITY AND SOCIALISM
483,TCD,T2456,UNION DES FORCES POUR LA DEMOCRATIE ET LE DEVELOPPEMENT (UFDD)
483,TCD,T2454,UNION OF CHADIAN FORCES (UFNT)
483,TCD,T2123,CHADIAN NATIONAL CONCORD (CNT)
483,TCD,T2491,NATIONAL ALLIANCE (CHAD)
483,TCD,T2602,UNION DES FORCES DE LA RESISTANCE
483,TCD,T1880,FREEDOM EAGLES OF AFRICA
483,TCD,T2614,FPRN
600,MAR,T894,DE FES
600,MAR,T481,TAKFIR WA'L HIJRA
600,MAR,T376,FRENTE POPULAR PARA LA LIBERACION DE SAGUIA EL HAMRA Y RIO DE ORO
600,MAR,T303,MOROCCAN ISLAMIC COMBATANT GROUP
600,MAR,T952,SALAFIA JIHADIA
600,MAR,T1600,AL-ADL WAL IHSANE
600,MAR,T1979,AS SIRAT AL-MUSTAQIM
600,MAR,T2145,RIGHTEOUS PATH
771,BGD,T737,JAMAAT-E-ISLAMI (JEI)
771,BGD,T955,UNITED NATONAL LIBERATION FRONT (UNLF)
771,BGD,T1637,BANGLADESH COMMUNIST PARTY
771,BGD,T1441,PARBATYA CHATTAGRAM JANA SANGHATI SAMITY
771,BGD,T1447,PREPAK
771,BGD,T931,PEOPLE'S LIBERATION ARMY (PLA)
771,BGD,T1457,REVOLUTIONARY PEOPLE'S FRONT (RPF)
771,BGD,T1634,AWAMI LEAGUE
771,BGD,T2458,UNION PARISHAD
771,BGD,T1908,SHANTI BAHINI - PEACE FORCE
771,BGD,T1640,PROLETARIAN PARTY OF EAST BENGAL
,,,
771,BGD,T1712,FREEDOM PARTY
771,BGD,T319,NATIONAL LIBERATION FRONT OF TRIPURA (NLFT)
771,BGD,T28,AL-QA`IDA
771,BGD,T38,ALL TRIPURA TIGER FORCE
771,BGD,T1487,BANGLADESH NATIONALIST PARTY (BNP)
771,BGD,T1995,ISLAMI OIYKA JOTE (IOJ)
771,BGD,T1898,ROHINGYA SOLIDARITY ORGANIZATION
771,BGD,T1638,BANGLADESH NATIONAL SOCIALIST PARTY
771,BGD,T1672,COMMITTEE FOR THE ELIMINATION OF KILLER COLLABORATORS
771,BGD,T2054,BANGLADESH JIHAD MOVEMENT
771,BGD,T1923,SUPPORTERS OF LEFTIST GANA-OIKYA FRONT
771,BGD,T1639,BANGLADESH ROAD TRANSPORT WORKERS FEDERATION
771,BGD,T1735,HILL STUDENTS COUNCIL
771,BGD,T357,PURBO BANGLAR COMMUNIST PARTY
771,BGD,T915,KAMTAPUR LIBERATION ORGANIZATION
771,BGD,T545,ACHIK NATIONAL VOLUNTEERS COUNCIL (ANVC)
771,BGD,T929,JAGRATA MUSLIM JANATA BANGLADESH (JMJB)
771,BGD,T1474,UNITED PEOPLE'S DEMOCRATIC FRONT (UPDF)
771,BGD,T1996,BANGLADESH CHHATRA LEAGUE (BCL)
771,BGD,T2284,CHAKMA TRIBAL GROUP
771,BGD,T111,BOROK NATIONAL COUNCIL OF TRIPURA (BNCT)
771,BGD,T681,COORDINATION COMMITTEE OF MAOIST PARTIES AND ORGANIZATIONS OF SOUTH ASIA
771,BGD,T234,ISLAMI SHASHONTANTRA ANDOLAN
771,BGD,T2346,SHAHADAT AL HIKMA
771,BGD,T209,HIKMAT-UL-ZIHAD
771,BGD,T1572,UNITED A'CHIK NATIONAL FRONT (UANF)
771,BGD,T2245,AL-QA'IDA NETWORK FOR SOUTHWESTERN KHULNA DIVISION
771,BGD,T2337,JADID AL-QA'IDAH BANGLADESH
771,BGD,T1980,HYNNIEWTREP NATIONAL LIBERATION COUNCIL (HNLC)
771,BGD,T2379,GONO BAHINI (GB)
433,SEN,T2374,MOUVEMENT DES FORCES DEMOCRATIQUES DE CASAMANCE
433,SEN,T1792,LIBERATION FRONT OF THE SENEGALESE PEOPLE
433,SEN,T2565,MOUVEMENT DES FORCES DEMOCRATIQUES DE CASAMANCE - FRONT NORD
433,SEN,T2566,MOUVEMENT DES FORCES DEMOCRATIQUES DE CASAMANCE - FRONT NORD MD
433,SEN,T2567,MFDC - SADIO
450,LBR,T320,NATIONAL PATRIOTIC FRONT OF LIBERIA (NPFL)
450,LBR,T725,INDEPENDENT NATIONAL PATRIOTIC FRONT OF LIBERIA
450,LBR,T438,REVOLUTIONARY UNITED FRONT (RUF)
450,LBR,T1836,NATIONAL DEMOCRATIC FRONT OF LIBERIA
450,LBR,T1941,UNITED LIBERATION MOVEMENT FOR DEMOCRACY IN LIBERIA (ULIMO)
450,LBR,T415,LOFA DEFENCE FORCE (LDF)
450,LBR,T1523,LIBERIA PEACE COUNCIL (LPC)
450,LBR,T2360,LIBERIANS UNITED FOR RECONCILIATION AND DEMOCRACY (LURD)
450,LBR,T2320,MOVEMENT FOR DEMOCRACY IN LIBERIA
432,MLI,T1748,ISLAMIC LEGION
432,MLI,T1649,BLACK MALIAN GROUP
432,MLI,T1360,AL-QAEDA COMMITTEE IN THE ISLAMIC MAGHREB (AQIM)
432,MLI,T446,SALAFIST GROUP FOR CALL AND COMBAT
432,MLI,T2301,MAY 23 DEMOCRATIC ALLIANCE FOR CHANGE - IBRAHIM BAHANGA FACTION
432,MLI,T287,23 MAY DEMOCRATIC ALLIANCE (ALGERIA)
432,MLI,T2656,MUJWA
432,MLI,T2624,ANSAR AL-DINE (MALI)
432,MLI,T2695,SIGNED-IN-BLOOD BATTALION
432,MLI,T2627,AZAWAD NATIONAL LIBERATION MOVEMENT
432,MLI,T2660,NATIONAL COMMITTEE FOR THE RESTORATION OF DEMOCRACY AND STATE
702,TJK,T641,DEMOCRATIC PARTY OF TAJIKISTAN (DPT)
702,TJK,T642,ISLAMIC RENAISSANCE PARTY OF TAJIKISTAN (IRP)
702,TJK,T643,MOVEMENT FOR ISLAMIC REVIVAL IN TAJIKISTAN (MIRT)
702,TJK,T1991,HIZB AL-TAHRIR AL-ISLAMI (HT)
702,TJK,T28,AL-QA'IDA
702,TJK,T523,UNITED TAJIK OPPOSITION
702,TJK,T1864,PEOPLE'S DEMOCRATIC ARMY
702,TJK,T231,ISLAMIC MOVEMENT OF UZBEKISTAN (IMU)
702,TJK,T2326,MOVEMENT FOR PEACE IN TAJIKISTAN
651,EGY,T550,MUSLIM BROTHERHOOD
651,EGY,T359,JABHAT AL-TAHRIR AL-FILISTINIYYAH
651,EGY,T481,TAKFIR WAL HIJRA
651,EGY,T241,ANTI-IMPERIALIST INTERNATIONAL BRIGADE
651,EGY,T108,BLACK SEPTEMBER
651,EGY,T1141,JORDANIAN NATIONAL LIBERATION MOVEMENT
651,EGY,T159,TALAA'AL AL-FATEH
651,EGY,T3,FATAH AL-QIYADAH AL-THAWRIYYAH
651,EGY,T19,AL GAMA'AT AL ISLAMIYYA (IG)
651,EGY,T1693,EAGLES OF THE PALESTINIAN REVOLUTION
651,EGY,T208,REVOLUTIONARY JUSTICE ORGANIZATION
651,EGY,T158,EGYPTS NASSERIST REVOLUTION
651,EGY,T1409,MUNAZZAMAT AL-TAHRIR AL-ISLAMI
,,,
651,EGY,T28,AL QAEDA
651,EGY,T1854,ORGANIZATION FOR THE OPPRESED IN EGYPT'S PRISONS
651,EGY,T1706,FORBID THE EVIL GROUP (MOSLEM MILITANTS)
651,EGY,T1400,GAMA'A AL-ADELA AL-ALAMIYA
651,EGY,T1488,BANI HILAL TRIBE
651,EGY,T2339,JAMAA AL-ISLAMIYA AL-ALAMIYA
651,EGY,T954,EGYPTIAN TAWHID AND JIHAD
651,EGY,T346,AL-QAIDA IN SYRIA AND EGYPT
651,EGY,T945,KATA'IB AL IZZ AL ISLAMIYAH FI ARD AL NIL
651,EGY,T2006,ARMY OF ISLAM
651,EGY,T2647,JALJALA ARMY
437,CIV,T320,NATIONAL PATRIOTIC FRONT OF LIBERIA (NPFL)
437,CIV,T1702,FEDERATION OF STUDENTS AND SCHOLARS OF COTE D'IVOIRE (FESCI)
437,CIV,T1758,IVORIAN POPULAR FRONT
437,CIV,T1523,LIBERIA PEACE COUNCIL
437,CIV,T2471,CONGRES PANAFRICAIN DES JEUNES ET DES PATRIOTES (COJEP) - YOUNG PATRIOTS
437,CIV,T2319,MOUVEMENT POUR LA JUSTICE ET LA PAIX
437,CIV,T2140,MOUVEMENT PATRIOTIQUE DE LA CETE D?IVOIRE (MPCI)
437,CIV,T2233,MOUVEMENT POPULAIRE IVORIAN DU GRAND OUEST
437,CIV,T2172,FRCI
437,CIV,T2562,FORCES NOUVELLES - IC
437,CIV,T2568,MILOCI
437,CIV,T1734,ALLIANCE DES JEUNES PATRIOTES POUR LE SURSAUT NATIONAL
437,CIV,T835,FDSI-CI
640,TUR,T608,REVOLUTIONARY WORKERS AND PEASANTS PARTY OF TURKEY (TIIKP)
640,TUR,T378,ABU ALI MUSTAFA BRIGADES
640,TUR,T507,TURKISH PEOPLE'S LIBERATION FRONT (TPLF) (THKP-C)
640,TUR,T506,TURKISH PEOPLE'S LIBERATION ARMY (TPLA)
640,TUR,T495,TKP/ML-TIKKO
640,TUR,T219,INTERNATIONAL REVOLUTIONARY ACTION GROUP (GARI)
640,TUR,T263,KURDISTAN NATIONAL LIBERATION FRONT (ERNK)
640,TUR,T87,ARMENIAN SECRET ARMY FOR THE LIBERATION OF ARMENIA (ASALA)
640,TUR,T227,ISLAMIC GREAT EASTERN RAIDER'S FRONT
640,TUR,T1168,MAHIR CAYAN SUICIDE GROUP
640,TUR,T1445,PATRIOTIC UNION OF KURDISTAN
640,TUR,T248,JUSTICE COMMANDOS FOR THE ARMENIAN GENOCIDE
640,TUR,T261,KURDISH PATRIOTIC UNION
640,TUR,T343,28 MAY ARMENIAN ORGANIZATION
640,TUR,T1021,BEGUMCANS CELL
640,TUR,T1323,TURKISH REVOLUTIONARIES
640,FRG,T151,DEV SOL
640,TUR,T1693,EAGLES OF THE PALESTINAN REVOLUTION
640,TUR,T292,ARAB ORGANIZATION OF MAY 15
640,TUR,T685,DEV YOL
640,TUR,T1721,GREY WOLVES
640,TUR,T606,COMMUNIST LABOUR PARTY OF TURKEY
640,TUR,T208,HIZBOLLAH
640,TUR,T1999,FREE WOMEN'S MOVEMENT OF KURDISTAN
,,,
640,TUR,T887,BLACK FRIDAY
640,TUR,T28,AL-QA`IDA
640,TUR,T1626,ARMED PEOPLE'S UNITS
640,TUR,T246,JUNE 16 ORGANIZATION
640,TUR,T1930,THE UNIT OF THE CHEMICAL WEAPONS MARTYRS
640,TUR,T1936,TURKISH ISLAMIC COMMANDOS
640,TUR,T1749,ISLAMIC MOVEMENT ORGANIZATION
640,TUR,T1886,RESISTANCE MOVEMENT OF THE UNION OF REVOLT WORKERS
640,TUR,T494,TURKISH COMMUNIST LABOR PARTY-LENINIST (TKEP-L)
640,TUR,T1677,COMMUNIST WARRIOR'S UNION
640,TUR,T1885,RESISTANCE MOVEMENT
640,TUR,T504,TURKISH HEZBOLLAH
640,TUR,T1934,TURKISH COMMUNIST PARTY/MARXIST (TKP-ML)
640,TUR,T1691,DEV GENC
640,TUR,T1752,ISLAMIC REVENGE ORGANIZATION
640,TUR,T1935,TURKISH COMMUNIST WORKERS PARTY
640,TUR,T1868,PEOPLE'S LIBERATION FORCE
640,TUR,T505,TURKISH ISLAMIC JIHAD
640,TUR,T1655,BOZ-OK (GREY ARROW)
640,TUR,T1729,HAMAWAND TRIBE
640,TUR,T1821,MOTHERLAND PARTY
640,TUR,T486,DEVRIMCI SOL (KARATAS FACTION)
640,TUR,T904,KURDISH ISLAMIC UNITY PARTY
640,TUR,T155,EAST TURKISTAN LIBERATION ORGANIZATION (ETLO)
640,TUR,T2457,UNION OF REVOLUTIONARY COMMUNISTS IN TURKEY (TIKB)
640,TUR,T228,INTERNATIONAL ISLAMIC BRIGADE
640,TUR,T68,APO'S YOUTH REVENGE BRIGADE
640,TUR,T67,APONUN INTIKAM SAHINLER
640,TUR,T324,NATIONALIST KURDISH REVENGE TEAMS
640,TUR,T214,HEZEN PARASTINA GEL (HPG)
640,TUR,T137,KOMUNIST ISCI HAREKETI
640,TUR,T262,KURDISTAN FREEDOM HAWKS (TAK)
640,TUR,T2512,REVOLUTIONARY HEADQUARTERS (TURKEY)
517,RWA,T1282,RWANDA PATRIOTIC FRONT (RPF)
517,RWA,T1841,NATIONAL REPUBLICAN MOVEMENT FOR DEMOCRACY AND DEVELOPMENT (MRND)
517,RWA,T388,FORCES D'AUTO-DEFENSE POPULAIRES
517,RWA,T88,ARMED PEOPLE FOR THE LIBERATION OF RWANDA
517,RWA,T2418,RASTAS
517,RWA,T8800,EX-FAR
484,COG,T118,MOUVEMENT REVOLUTIONNAIRE DU PEUPLE TCHADIEN
484,COG,T186,FRONT FOR THE LIBERATION OF THE ENCLAVE OF CABINDA (FLEC)
484,COG,T1446,POPULAR REVOLUTIONARY PARTY (PRP)
484,COG,T1208,NINJAS
484,COG,T2196,COCOYES
484,COG,T2008,CONGOLESE RALLY FOR DEMOCRACY (RCD)
484,COG,T2302,NTSILOULOUS
373,AZE,T28,AL QAIDA
373,AZE,T2122,ARTS'AKHI HANRAPETUT'YUN
373,AZE,T2309,FOREST BROTHERS
373,AZE,T228,INTERNATIONAL ISLAMIC BRIGADE
500,UGA,T2257,ANTI-GOVERNMENT GUERRILLAS
500,UGA,T2038,UGANDA PATRIOTIC MOVEMENT (UPM)
500,UGA,T1325,UGANDA FREEDOM MOVEMENT
500,UGA,T477,SUDAN PEOPLE'S LIBERATION ARMY/MOVEMENT (SPLA/M)
500,UGA,T1938,UGANDA PEOPLE'S ARMY
500,UGA,T611,HOLY SPIRIT MOVEMENT
500,UGA,T279,LORD'S RESISTANCE ARMY LRA
500,UGA,T1937,UGANDA FEDERAL ARMY
500,UGA,T508,UGANDA DEMOCRATIC CHRISTIAN ARMY (UDCA)
500,UGA,T315,ALLIED DEFENSE FORCES (ADF)
500,UGA,T1939,UGANDAN PEOPLE'S DEMOCRATIC ARMY
500,UGA,T28,QAIDAT AL-JIHAD
500,UGA,T1900,RWENZURURU REBELS
500,UGA,T653,ALLIANCE OF DEMOCRATIC FORCES (ADF)
500,UGA,T88,ARMY FOR THE LIBERATION OF RWANDA
500,UGA,T8800,INTERAHAMWE
500,UGA,T765,NATIONAL DEMOCRATIC ALLIANCE (NDA)
500,UGA,T531,WEST NILE BANK FRONT (WNBF)
500,UGA,T1324,UGANDA FEDERAL DEMOCRATIC ALLIANCE
500,UGA,T2351,KARAMOJONG WARRIORS
500,UGA,T2040,LUBANGA TYE (GOD IS THERE) ACHOLI YOUNGEST ARMY
500,UGA,T2560,ARROW BOYS
800,THA,T1501,GERAKAN MUJAHIDIN PATTANI (GMP)
800,THA,T252,KAREN NATIONAL UNION KNU
800,THA,T255,KHMER COMMUNIST PARTY
800,THA,T1417,KARENNI NATIONAL PROGRESSIVE PARTY
800,THA,T621,KACHIN INDEPENDENCE ARMY
800,THA,T556,NATIONAL REVOLUTIONARY FRONT
800,THA,T367,BARISAN REVOLUSI NASIONAL MELAYU PATTANI (BRN)
800,THA,T364,PULO
800,THA,T108,MUNAZZAMAT AYLUL AL-ASWAD
800,THA,T9000,COMMUNIST PARTY OF THAILAND
800,THA,T1799,MALAYSIAN COMMUNIST PARTY
800,THA,T225,ISLAMIC ACTION IN IRAQ
,,,
800,THA,T103,BERSATU
800,THA,T870,ALL BURMA STUDENTS' DEMOCRATIC FRONT (ABSDF)
800,THA,T150,DEMOCRATIC KAREN BUDDHIST ARMY
800,THA,T1206,NEW PATTANI UNITED LIBERATION ORGANIZATION (NEW PULO)
800,THA,T1425,FREE VIETNAM MOVEMENT
800,THA,T599,MUJAHIDEEN PATTANI
800,THA,T846,GOD'S ARMY
800,THA,T2388,NATIONAL LIBERATION ALLIANCE OF SA KAEO
800,THA,T527,VIGOROUS BURMESE STUDENT WARRIORS
800,THA,T475,SRI NAKHARO
800,THA,T864,YOUNG LIBERATORS OF PATTANI
800,THA,T1459,RUNDA KUMPULAN KECIL (RKK)
800,THA,T2493,NATIONAL UNITED FRONT OF DEMOCRACY AGAINST DICTATORSHIP (UDD)
800,THA,T2536,UNITED FRONT FOR DEMOCRACY AGAINST DICTATORSHIP
800,THA,T2680,YAKARIYA BANGO
435,MRT,T376,POLISARIO FRONT
435,MRT,T28,AL-QA'IDA
435,MRT,T446,SALAFIST GROUP FOR CALL AND COMBAT
435,MRT,T1360,AL-QAEDA COMMITTEE IN THE ISLAMIC MAGHREB (AQIM)
840,PHL,T1493,CIVILIAN HOME DEFENSE FORCES (CHDF)
840,PHL,T906,PEOPLE'S REVOLUTIONARY FRONT (PHILIPPINES)
840,PHL,T1160,LEFTIST LEAGUE OF FILIPINO STUDENTS
840,PHL,T41,THE ANANDA MARGA YOGA SOCIETY
840,PHL,T903,PATRIOTIC YOUTH
840,PHL,T571,COMMUNIST PARTY OF THE PHILIPPINES
840,PHL,T328,NEW PEOPLE'S ARMY
840,PHL,T302,MORO NATIONAL LIBERATION FRONT (MNLF)
840,PHL,T760,MINDANAO INDEPENDENCE MOVEMENT
840,PHL,T301,MORO ISLAMIC LIBERATION FRONT
840,PHL,T968,APRIL 6TH LIBERATION MOVEMENT
840,PHL,T36,ALEX BONCAYAO BRIGADE
840,PHL,T1138,JIHAD BRIGADES
840,PHL,T1616,ANTI COMMUNIST VIGILANTE PATROL
840,PHL,T28,QAIDAT AL-JIHAD
840,PHL,T1884,REFORM OF THE ARMED FORCES MOVEMENT
840,PHL,T1647,BLACK FOREST COMMAND
840,PHL,T1717,GOD OUR FATHER CULT
840,PHL,T4,ABU SAYYAF GROUP
840,PHL,T1819,MORO NATIONAL LIBERATION FRONT SPLINTER GROUP
840,PHL,T242,JEMAAH ISLAMIYA
840,PHL,T260,KUMPULAN MUJAHIDIN MALAYSIA (KMM)
840,PHL,T801,REVOLUTIONARY PROLETARIAN ARMY (RPA)
840,PHL,T796,REBOLUSYONARYONG HUKBONG BAYAN (RHB)
840,PHL,T932,MARXIST-LENINIST PARTY OF THE PHILIPPINES (MLPP)
840,PHL,T2472,YOUNG OFFICER UNION OF THE NEW GENERATION AND REFORMIST ARMED FORCES OF THE PHILIPPINES (YOU-RAFP)
840,PHL,T702,FILIPINO WORKERS PARTY (RPM-P)
840,PHL,T924,NATIONAL DEMOCRATIC FRONT (PHILIPPINES)
840,PHL,T819,ABDURAJAK JANJALANI BRIGADE (AJB)
840,PHL,T1257,RAJAH SOLAIMAN REVOLUTIONARY MOVEMENT
840,PHL,T1025,MORO NATIONAL LIBERATION FRONT - NUR MISAURI
840,PHL,T180,FREE VIETNAM REVOLUTIONARY GROUP
840,PHL,T2405,PENTAGON KIDNAP GROUP
840,PHL,T216,INDIGENOUS FEDERAL STATE ARMY (IFSA)
840,PHL,T987,FARMER'S MOVEMENT OF THE PHILIPPINES (KMP)
840,PHL,T2241,AL-KHOBAR
840,PHL,T2355,KAWAL NG PILIPINAS
840,PHL,T1470,MASSES AND SOLDIERS
840,PHL,T2550,MORO NATIONAL LIBERATION FRONT - HM
840,PHL,T2249,ALCUBAR GROUP
840,PHL,T2586,AMPATUAN MILITIA
840,PHL,T701,BANGSAMORO NATIONAL LIBERATION ARMY
840,PHL,T2508,BANGSAMORO ISLAMIC FREEDOM FIGHTERS (BIFF)
840,PHL,T2661,PARTIDO MARXISTA-LENINISTA NG PILIPINAS (PMLP)
840,PHL,T2628,BANGSAMORO ISLAMIC FREEDOM MOVEMENT
135,PER,T1871,PERU'S ANTI-TERRORIST COMMAND
135,PER,T595,COMMUNIST PARTY OF PERU
135,PER,T412,FUERZAS ARMADAS REVOLUCIONARIAS DE COLOMBIA - EJERCITO DEL PUEBLO (FARC-EP)
135,PER,T1826,MOVEMENT OF THE REVOLUTIONARY LEFT (MIR) (PERU)
135,PER,T1839,EJERCITO DE LA LIBERACIîN NACIONAL
135,PER,T1427,ARGENTINE NATIONAL ORGANIZATION MOVEMENT (MANO)
135,PER,T1043,CONDOR ORGANIZATION
135,PER,T1560,REVOLUTIONARY VANGUARD
135,PER,T69,M-19
135,PER,T1045,COORDINATION OF THE UNITED REVOLUTIONARY ORGANIZATION (CORU)
135,PER,T457,SENDERO LUMINOSO (SL)
135,PER,T500,MOVIMIENTO REVOLUCIONARIO TUPAC AMARU (MRTA)
135,PER,T284,FPMR-D
135,PER,T1244,PEOPLE'S REVOLUTIONARY COMMAND (CRP)
135,PER,T1135,JAVIER HERAUD REVOLUTIONARY COMMAND
135,PER,T1897,RODRIGO FRANCO COMMAND
135,PER,T1920,STRUGGLE AGAINST MISERY AND EXPLOITATION OF PEASANTS
135,PER,T1230,PATRIOTIC LIBERATION FRONT
135,PER,T1865,PEOPLE'S GUERRILLA FRONT
135,PER,T944,MOVIMIENTO NACIONALISTA ETNOCACERISTA
811,KHM,T255,PARTY OF DEMOCRATIC KAMPUCHEA
811,KHM,T2228,FRONT UNI NATIONAL DU KAMPUCHEA (FUNK)
811,KHM,T1774,KAMPUCHEAN PEOPLES NATIONAL LIBERATION ARMY
811,KHM,T114,CHOLANA KANTOAP SEREI CHEAT KAMPOUCHEA
811,KHM,T2290,CSS MOVEMENT
346,BIH,T28,AL QAEDA
346,BIH,T2429,SRPSKA RADIKALNA STRANKA
346,BIH,T1311,CROAT DEMOCRATIC UNION
346,BIH,T2541,WAHHABI MOVEMENT
345,YSM,T2401,OTPOR
345,YSM,T2429,SRPSKA RADIKALNA STRANKA (SRS)
345,YSM,T1715,FRONT OF RESISTANCE AND NATIONAL LIBERATION OF ALBANIANS
345,YSM,T258,USHTRIA CLIRIMTARE E KOSEVES
345,YSM,T2276,BELI ORLOVI
345,YSM,T2184,"USHTRIA CLIRIMTARE E PRESHEVES, MEDVEGJES DHE BUJANOCIT - UCPMB"
345,YSM,T2469,ZEMUN CLAN
345,YSM,T2485,MLADA BOSNA
345,YSM,T2528,THE BLACK SUN
615,DZA,T481,EXCOMMUNICATION AND EXODUS
615,DZA,T378,AL-JABNA AL-SHABIYYA LI-TAHRIR FILASTIN
615,DZA,T249,KAKH
615,DZA,T132,COMMITTEE OF COORDINATION
615,ESH,T376,FRENTE POPULAR PARA LA LIBERACION DE SAGUIA EL HAMRA Y RIO DE ORO
615,DZA,T3,FATAH AL-QIYADAH AL-THAWRIYYAH
615,DZA,T1375,MOVEMENT FOR THE INDEPENDENCE AND AUTONOMY OF THE CANARIES ARCHIPELAGO
615,DZA,T1349,ZIONIST RESISTANCE FIGHTERS
615,DZA,T2049,ALGERIAN AL-DAWA AL-SALAFIYAH GROUP
,,,
615,DZA,T233,ARMY OF ISLAMIC SALVATION
615,DZA,T28,AL QAEDA
615,DZA,T1928,TAYEB AL-AFGHANI'S ISLAMIST GROUP
615,DZA,T1745,ISLAM LIBERATION FRONT
615,DZA,T82,GROUPES ISLAMIQUES ARMES (GIA)
615,DZA,T1603,ALGERIAN MOUJAHIDEEN FOR MOSLEMS
615,DZA,T660,ARMED ISLAMIC MOVEMENT
615,DZA,T2103,THE MARTYRS BATTALION
615,DZA,T1473,UNIFIED UNIT OF JIHAD
615,DZA,T1332,UNION OF PEACEFUL CITIZENS OF ALGERIA
615,DZA,T1360,AL-QAEDA ORGANIZATION IN THE ISLAMIC MAGHREB
615,DZA,T446,SALAFIST GROUP FOR CALL AND COMBAT
615,DZA,T2592,GIA - EL AHD BATTALION
615,DZA,T78,ARMATA DI LIBERAZIONE NAZIUNALE
615,DZA,T2100,GOD'S SQUADRON (KATIBA RABBANIA)
615,DZA,T2102,ARMED ISLAMIC GROUP - EL FORKANE BATTALION
615,DZA,T2435,SQUADRONS OF TERROR (KATIBAT EL AHOUAL)
615,DZA,T2317,HABI'S ER'ROUB SERIAT
615,DZA,T2294,DRAA EL MIZAN SERIAT
615,DZA,T2295,ED'DAOUA ES'SALAFIA LILQADHA
615,DZA,T1500,FREE SALAFI GROUP (GSL)
615,DZA,T669,SALAFI DAWAH GROUP
615,DZA,T2298,EL-FETH KATIBAT
615,DZA,T2236,AIBED ER-RAHMAN KATIBET
615,DZA,T287,23 MAY DEMOCRATIC ALLIANCE (ALGERIA)
615,DZA,T1550,MOUHAJIROUNE BRIGADE
615,DZA,T2656,MUJAO
520,SOM,T1087,FRONT FOR THE LIBERATION OF THE SOMALI COAST
520,SOM,T354,OROMO LIBERATION FRONT (OLF)
520,SOM,T1299,SOMALI SALVATION DEMOCRATIC FRONT (SSDF)
520,SOM,T1917,SOMALI NATIONAL MOVEMENT
520,SOM,T549,OGADEN NATIONAL LIBERATION FRONT (ONLF)
,,,
520,SOM,T23,ISLAMIC UNITY
520,SOM,T28,AL QAEDA
520,SOM,T1918,SOMALI PATRIOTIC MOVEMENT
520,SOM,T1943,UNITED SOMALI CONGRESS
520,SOM,T2557,UNITED SOMALI CONGRESS - SOMALI NATIONAL ALLIANCE
520,SOM,T2596,SOMALI NATIONAL FRONT (SNF)
520,SOM,T1916,SOMALI NATIONAL ALLIANCE
520,SOM,T2571,JAMHUURIYADDA SOOMAALILAND
520,SOM,T2318,HABR GEDIR CLAN
520,SOM,T1268,RAHANWEYN RESISTANCE ARMY (RRA)
520,SOM,T2383,MUSA SUDI YALAHOW MILITIA
520,SOM,T2213,JUBBA VALLEY ALLIANCE (JVA)
520,SOM,T2594,SOMALI NATIONAL FRONT - MOHAMED SHEIKH ALI BURALEH FACTION
520,SOM,T2369,MATAN ABDULLE
520,SOM,T2595,DIGIL SALVATION ARMY (DSA)
520,SOM,T2082,ALLIANCE FOR THE RE-LIBERATION OF SOMALIA/UNION OF ISLAMIC COURTS
520,SOM,T2322,SOMALI RECONCILIATION AND RESTORATION COUNCIL
520,SOM,T2572,RRA-MH
520,SOM,T2367,MARHAN CLAN
520,SOM,T726,FORCES OF YUSSUF HAJJI NUR
520,SOM,T2573,"UNITED SOMALIA CONGRESS/SOMALI SALVATION ALLIANCE - OMAR MOHAMED MOHAMUD ""FINISH"" FACTION"
520,SOM,T2576,JVA FACTION
520,SOM,T1130,ISLAMIC TENDENCY
520,SOM,T2147,HARAKAT AL-SHABAAB AL-MUJAHIDEEN
520,SOM,T2559,ALLIANCE FOR THE RESTORATION OF PEACE AND COUNTER-TERRORISM
520,SOM,T2380,MUJAHIDEEN YOUTH MOVEMENT
520,SOM,T2574,HARAKAT RAS KAMBONI
520,SOM,T2517,SOMALI ISLAMIC FRONT
520,SOM,T408,AHLU-SUNAH WAL-JAMEA (SOMALIA)
520,SOM,T287,23 MAY DEMOCRATIC ALLIANCE (ALGERIA)
520,SOM,T2412,ISLAMIC PARTY (SOMALIA)
520,SOM,T2389,HIZBUL AL ISLAM (SOMALIA)
520,SOM,T2607,FORCES OF SHAYK MUHAMMAD SAID ATOM
520,SOM,T2619,SHABELLE VALLEY ALLIANCE (SVA)
520,SOM,T2670,SHABELLE VALLEY MILITIA
660,LBN,T270,ARAB YOUTH (LEBANON)
660,LBN,T254,KHAIBAR BRIGADES
660,LBN,T1388,FEDERATION OF ARMENIAN REVOLUTIONARIES - REVOLUTIONARY MOVEMENT
660,LBN,T1456,REVOLUTIONARY OUTBURST MOVEMENT
660,LBN,T1394,GREEN CELLS
660,LBN,T1442,PARTISANS OF HOLY WAR
660,LBN,T1369,AUGUST 23 MOVEMENT
660,LBN,T17,AL-ASIFA
660,LBN,T359,JABHAT AL-TAHRIR AL-FILISTINIYYAH
660,LBN,T360,PALESTINE LIBERATION ORGANIZATION (PLO)
660,LBN,T32,AL-SAIQA
660,LBN,T481,REJECTION OF SINS AND EXODUS
660,LBN,T378,ABU ALI MUSTAFA BRIGADES
660,LBN,T362,JABHAT AL-KIFAH AL-SHABI
660,LBN,T241,ANTI-IMPERIALIST INTERNATIONAL BRIGADE
660,LBN,T379,POPULAR FRONT FOR THE LIBERATION OF PALESTINE - GENERAL COMMAND (PFLP-GC)
660,LBN,T108,BLACK SEPTEMBER ORGANIZATION (BSO)
660,LBN,T310,MUJAHIDEEN E KHALQ
660,LBN,T274,SHIBBU GANG
660,LBN,T3,FATAH REVOLUTIONARY COUNCIL (FRC/ANO)
660,LBN,T1265,REVOLUTIONARY ARAB YOUTH ORGANIZATION
660,LBN,T70,ARAB COMMUNIST ORGANIZATION (ACO)
660,LBN,T736,"JACKAL, CARLOS THE"
660,LBN,T87,HAYASTANI AZATAGRUT'YAN HAY GAGHTNI BANAK
660,LBN,T248,JUSTICE COMMANDOS FOR THE ARMENIAN GENOCIDE
660,LBN,T39,AFWEJ AL-MUQEWMAT AL-LUBNENIYYA
660,LBN,T2036,PRISONER GOURGEN YANIKIAN GROUP
660,LBN,T69,APRIL 19 MOVEMENT (M-19)
660,LBN,T702536,SOCIALIST LABOR PARTY OF LEBANON
660,LBN,T185,FRONT FOR THE LIBERATION OF LEBANON FROM FOREIGNERS
660,LBN,T1919,SOUTH LEBANON ARMY
660,LBN,T31,AL-QUDS BATTALIONS
660,LBN,T480,AL-HIZB A-SURI AL-QAWMI AL-IJTIMA'EE
660,LBN,T1223,ORGANIZATION OF THE AVENGING PALESTINIAN YOUTH
660,LBN,T271,FACTIONS ARMEES REVOLUTIONNAIRES LIBANAISES (FARL)
660,LBN,T1693,EAGLES OF THE PALESTINAN REVOLUTION
660,LBN,T361,PALESTINIAN ISLAMIC JIHAD
660,LBN,T1169,MARTYR ABU JA'FAR GROUP
660,LBN,T871,AL-SADR BRIGADES
660,LBN,T1368,ARMY FOR THE LIBERATION OF KURDISTAN
660,LBN,T1403,IRAQI LIBERATION ARMY
660,LBN,T208,ISLAMIC JIHAD
660,LBN,T1111,INDEPENDENT NASSERITE MOVEMENT
660,LBN,T882,ARMENIAN RED ARMY
660,LBN,T273,LEBANESE NATIONAL RESISTANCE FRONT
660,LBN,T970,FATAH UPRISING
660,LBN,T105,BLACK HAND
660,LBN,T1293,SEPTEMBER 17 ORGANIZATION
660,LBN,T875,ARAB REVENGE ORGANIZATION
660,LBN,T466,SONS OF THE SOUTH
660,LBN,T92,HIZB AL-BA'ATH AL-'ARABI AL-ISHTIRAKI
660,LBN,T836,CHRISTIAN ANTI-MOSLEM ORGANIZATION (CAO)
660,LBN,T1152,KHALID IBN WALID
660,LBN,T2136,ISLAMIC UNIFICATION MOVEMENT
660,LBN,T1001,ARAB STRUGGLE MOVEMENT FOR THE LIBERATION OF AHVAZ
660,LBN,T321,OMAR AL-MUKHTAR
660,LBN,T1272,REVOLUTIONARY LIBERATION CELLS
660,LBN,T1390,JUSTICE AND REVENGE FRONT
660,LBN,T133,COMMITTEE OF SOLIDARITY WITH ARAB AND MIDDLE EAST POLITICAL PRISONERS (CSPPA)
660,LBN,T1364,ARAB COMMANDO CELLS
660,LBN,T1413,ISLAMIC SOCIETY
660,LBN,T1409,ISLAMIC LIBERATION ORGANIZATION
660,LBN,T1329,UNIFIED NASIRITE ORGANIZATION
660,LBN,T1408,ISLAMIC FRONT FOR THE LIBERATION OF PALESTINE (IFLP)
660,LBN,T72,ARAB FEDAYEEN CELLS
660,LBN,T272,LEBANESE LIBERATION FRONT
660,LBN,T942,BLACK PANTHERS (WEST BANK/GAZA)
660,LBN,T999,ARAB REVOLUTIONARY CELLS
660,LBN,T1643,BEIRUT MARTYRS FORCES ORGANIZATION
660,LBN,T1422,LIBERATION BATTALION
660,LBN,T1793,LIBERATION HAWKS
660,LBN,T1450,POPULAR REVOLUTIONARY RESISTANCE ORGANIZATION
660,LBN,T1622,ARAB DEMOCRATIC PARTY
,,,
660,LBN,T1789,LEBANESE SECRET ARMY
660,LBN,T1927,TANYUS SHANIN ARMED UNIT
660,LBN,T1590,"""9 FEBRUARY"""
660,LBN,T1915,SOLDIERS OF TRUTH
660,LBN,T1642,BEIRUT MARTYRS BATTALION
660,LBN,T1602,AL-FARUO BATTALION
660,LBN,T1910,SHAYKH SUBHI AL-SALIH FORCES
660,LBN,T1628,ARMED STRUGGLE CELLS
660,LBN,T1805,MARTYR RIYAD TAHA GROUP
660,LBN,T1708,FORCES OF THE FREE ARAB
660,LBN,T1828,MUHAMMED SHUQAYR GROUP
660,LBN,T1699,FATHER OF THE POOR
660,LBN,T1932,TRIPOLI MARTYRS BATTALION
660,LBN,T1804,MARTYR AHMAD ALISHUAY B GROUP
660,LBN,T28,AL QAEDA
660,LBN,T2504,PROGRESSIVE SOCIALIST PARTY (PSP)
660,LBN,T1909,SHAYKH HASSAN KHALID FORCES
660,LBN,T1454,REVOLUTIONARY ACTION ORGANIZATION OF THE ARAB RESISTANCE FRONT
660,LBN,T1890,REVOLUTIONARY LABOR ORGANIZATION
660,LBN,T1737,HUBAY QAH GROUP
660,LBN,T833,USBAT AL-ANSAR (LEAGUE OF PARTISANS)
660,LBN,T1214,ORGANIZATION FOR THE DEFENSE OF DETAINEES RIGHTS
660,LBN,T54,ANSAR ALLAH
660,LBN,T918,JUND AL-SHAM
660,LBN,T2416,RAMZI NAHRA MARTYR ORGANIZATION
660,LBN,T1994,AL FATAH AL ISLAM
660,LBN,T1352,ABU MUS'AB AL-ZARQAWI BATTALION
660,LBN,T2117,ORGANISATION POPULAIRE NASSERIENNE
660,LBN,T2119,FUTURE MOVEMENT (LEBANON)
660,LBN,T953,STRUGGLERS FOR THE UNITY AND FREEDOM OF GREATER SYRIA
660,LBN,T2243,AL-QA'IDA IN LEBANON
660,LBN,T2348,JUND AL-SHAM FOR TAWHID AND JIHAD
660,LBN,T858,MARCH 8 ALLIANCE
660,LBN,T205,14 MARCH COALITION
660,LBN,T2632,BRIGADE OF AL-MUKHTAR AL-THAQAFI
475,NGA,T1776,KATSINA MUSLIM SOCIETY
475,NGA,T1426,MOUVEMENT POUR LA DEMOCRATIE ET LE DEVELOPPEMENT
475,NGA,T951,ODUDUA PEOPLES? CONGRESS
475,NGA,T2476,ITSEKIRI
475,NGA,T2114,FEDERATED NIGER DELTA IJAW COMMUNITIES (FNDIC)
475,NGA,T849,IJAW YOUTH MOVEMENT
475,NGA,T1105,IJAW MILITANTS
475,NGA,T2372,MOVEMENT FOR ACTUALIZATION OF THE SOVEREIGN STATE OF BIAFRA (MASSOB)
475,NGA,T2297,EGBESU YOUTHS OF THE BAYELSA
475,NGA,T2266,ASSOCIATION OF MOBIL SPILL AFFECTED COMMUNITIES (AMSAC)
475,NGA,T2561,BAKASSI BOYS
475,NGA,T784,PEOPLE'S DEMOCRATIC PARTY (PDP)
475,NGA,T825,AL-SUNNA WAL JAMMA
475,NGA,T211,HISBA
475,NGA,T1207,NIGER DELTA PEOPLES VOLUNTEER GROUP
475,NGA,T2280,BINI-ORU
475,NGA,T2397,NIGER DELTA VIGILANTES (NDV)
475,NGA,T2296,EGBEMA NATIONAL FRONT
475,NGA,T2115,JOINT REVOLUTIONARY COUNCIL (JRC)
475,NGA,T2113,COALITION FOR MILITANT ACTION IN THE NIGER DELTA
475,NGA,T1184,MOVEMENT FOR EMANCIPATION OF NIGER DELTA (MEND)
475,NGA,T2316,GUGAMA YOUTH FEDERATION
475,NGA,T2127,NIGER DELTA FRONTIER FORCE
475,NGA,T2120,WNDVF
475,NGA,T2495,NIGER DELTA FREEDOM FIGHTERS (NDDF)
475,NGA,T2164,GROUP COMMITTED TO PROPAGATING THE PROPHET'S TEACHINGS AND JIHAD
475,NGA,T2538,URHOBO REVOLUTIONARY ARMY
475,NGA,T2488,NIGER DELTA LIBERATION FORCE (NDLF)-NIGERIA
475,NGA,T2692,NATIONAL UNION OF ROAD TRANSPORT WORKERS-AUXILIARY
475,NGA,T2626,ANSARU (JAMA'ATU ANSARUL MUSLIMINA FI BILADIS SUDAN)
475,NGA,T1698,DELTA DEMOCRATIC MILITIA
475,NGA,T2693,NURTW-TOKYO FACTION
750,IND,T886,AZAD HIND SENA
750,IND,T509,UKRAINIAN REACTIONARY FORCE
750,IND,T776,PEOPLE'S DEMOCRATIC PARTY OF KERALA
750,IND,T2171,RASHTRIYA SWAYAMSEVAK SANGH (RSS)
750,IND,T1674,COMMUNIST PARTY OF INDIA
750,IND,T41,ANANDA MARGA
750,IND,T17,AL-ASIFA
750,IND,T2460,VISHVA HINDU PARISHAD
750,IND,T955,UNITED NATIONAL LIBERATION FRONT (UNLF)
750,IND,T2431,SHIV SENA
750,IND,T1354,AL-BARQ
750,IND,T328,SPARROW SQUADS
750,IND,T285,MAOIST COMMUNIST CENTER (MCC)
750,IND,T241,JAPANESE RED ARMY (JRA)
750,IND,T277,LIBERATION TIGERS OF TAMIL (LTTE)
750,IND,T476,STUDENTS ISLAMIC MOVEMENT OF INDIA (SIMI)
750,IND,T1447,PEOPLE'S REVOLUTIONARY PARTY OF KANGLEIPAK
750,IND,T824,BABBAR KHALSA INTERNATIONAL (BKI)
750,IND,T931,PEOPLE'S LIBERATION ARMY (INDIA)
750,IND,T516,UNITED LIBERATION FRONT OF ASSAM (ULFA)
750,IND,T1387,PEOPLES COMMANDOS
750,IND,T1457,REVOLUTIONARY PEOPLE?S FRONT (RPF)
750,IND,T949,KANGLEIPAK COMMUNIST PARTY
750,IND,T563,COMMUNIST PARTY OF INDIA MAOIST (CPI/M)
750,IND,T619,NATIONAL SOCIALIST COUNCIL OF NAGALAND
750,IND,T374,PEOPLE?S WAR GROUP
750,IND,T625,KARBI NATIONAL VOLUNTEERS (KNV)
750,IND,T238,JAMIAT UL-MUJAHEDIN (JUM)
750,IND,T204,HARAKAT UL-JIHAD-I-ISLAMI/BANGLADESH (HUJI-B)
750,IND,T1644,BHARATIYA JANATA PARTY
750,IND,T35,AL-ZULFIKAR
750,IND,T2370,MAZDOOR KISAN SANGRAM SAMITI (MKSS)
750,IND,T1933,TRIPURA NATIONAL VOLUNTEERS (TNV)
750,IND,T206,HARAKAT UL-MUJAHIDIN (HUM)
750,IND,T1284,SAFFRON TIGERS
750,IND,T750,KHALISTANI LIBERATION FORCE
750,IND,T920,ALL INDIA JIHAD COMMITTEE
750,IND,T1728,GURKHA NATIONAL LIBERATION FRONT (GNLF)
750,IND,T266,LASHKAR-E-TAIBA
750,IND,T686,DAUGHTERS OF THE NATION
750,IND,T1779,KHALISTAN COMMANDO FORCE
750,IND,T620,NATIONAL SOCIALIST COUNCIL OF NAGALAND - ISAK-MUIVAH
750,IND,T2356,KUKI NATIONAL ARMY (KNA)
750,IND,T2474,KUKI NATIONAL FRONT (KNF)
750,IND,T1856,ORGANIZATION OF ARAB FEDAYEEN CELLS
750,IND,T930,NSCN-K
750,IND,T1645,BHINDERANWALE TIGER FORCE OF KHALISTAN (BTHK)
750,IND,T316,BODO SECURITY FORCE (BSF)
750,IND,T319,NATIONAL LIBERATION FRONT OF TRIPURA (NLFT)
750,IND,T28,AL QAIDA
750,IND,T1607,ALLAH'S TIGERS
750,IND,T213,HIZBAL MUJAHIDEEN (HM)
750,IND,T33,COMMANDMENT OF THE MUJAHIDEEN
750,IND,T808,TRIPURA PEOPLES' DEMOCRATIC FRONT (TPDF)
750,IND,T1772,JUSTICE AND LIBERTY WARRIORS
750,IND,T1820,MOSLEM JANBAZ FORCE
750,IND,T2105,MANIPUR PEOPLES LIBERATION FRONT
750,IND,T38,ALL TRIPURA TIGER FORCE
750,IND,T1829,MUJAHIDEEN KASHMIR
750,IND,T1785,LASHKARI-E-ADAM (ARMY OF ADAM)
750,IND,T1605,ALL INDIA ANNA DRAVIDA MUNETRA KAZGAN PARTY
750,IND,T1592,ACHWAN-I-MUSHBANI
750,IND,T1675,COMMUNIST PARTY OF INDIA- MARXIST
750,IND,T739,JAMMU AND KASHMIR LIBERATION FRONT
750,IND,T1862,PANTHIC COMMITTEE
750,IND,T240,JANASHAKTI
750,IND,T2341,JAMMAT-E-ISLAMI (INDIA/PAKISTAN)
750,IND,T1780,KHASI STUDENTS UNION
750,IND,T856,KUKI LIBERATION ARMY
750,IND,T1676,COMMUNIST TRADE UNION WORKERS
750,IND,T1766,JHARKHAND TRIBAL FORCES
750,IND,T1906,SERVANTS OF ISLAM ORGANIZATION
750,IND,T1783,LAIQ CHANIO GROUP OF DACOIT BANDITS
750,IND,T2277,BENGALI TIGER FORCE (BTF)
750,IND,T647,HARKAT AL ANSAR
750,IND,T2083,BIHAR PEOPLES PARTY
750,IND,T948,ORGANIZATION TO SAVE THE REVOLUTIONARY MOVEMENT IN MANIPUR
750,IND,T816,MUTTAHIDA JIHAD COUNCIL
750,IND,T239,JAMMU AND KASHMIR ISLAMIC FRONT (JKIF)
750,IND,T626,KARBI PEOPLES FRONT (KPF)
750,IND,T20,AL HADID
750,IND,T2417,RANBIR SENA
750,IND,T135,CPN/M
750,IND,T915,KAMTAPUR LIBERATION ORGANIZATION (KLO)
750,IND,T1448,PEOPLE'S UNITED LIBERATION FRONT (PULF)
750,IND,T15,AL FARAN
750,IND,T1309,TAMIL NADU LIBERATION ARMY (TNLA)
750,IND,T545,ACHIK NATIONAL VOLUNTEER COUNCIL (ANVC)
750,IND,T1385,DIMA HALAO DAOGA
750,IND,T265,LASHKAR-E-JHANGVI
750,IND,T664,BIRSA COMMANDA FORCE (BCF)
750,IND,T515,UNITED KUKI LIBERATION FRONT
750,IND,T823,BODO LIBERATION TIGERS (BLT)
750,IND,T822,ADIVASI COBRA MILITANT FORCE
750,IND,T1998,INDIGENOUS PEOPLE'S FRONT OF TRIPURA
750,IND,T2391,NATIONAL PEOPLES PARTY (RASHTRIYA JANATA DAL - RJD)
750,IND,T2442,TEHRIK AL-MOJAHEDIN
750,IND,T901,MAHAZ E INQUILAB
750,IND,T853,ISLAMIC DEFENSE FORCE
750,IND,T541,ZOMI REVOLUTIONARY ARMY
750,IND,T2279,BHUMI UCHCHED PRATIRODH COMMITTEE (BUPC)
750,IND,T1419,KUKI REVOLUTIONARY ARMY (KRA)
750,IND,T13,AL-BAHR
750,IND,T921,AL-UMMAH
750,IND,T2125,D-COMPANY/DAWOOD IBRAHIM
750,IND,T517,UNITED PEOPLE?S DEMOCRATIC SOLIDARITY (UPDS)
750,IND,T1495,COMMUNIST PARTY OF INDIA- MARXIST-LENINIST
750,IND,T1158,UNITED BENGALI LIBERATION FRONT
750,IND,T1060,AKHILESH SINGH GANG
750,IND,T111,BOROK NATIONAL COUNCIL OF TRIPURA (BNCT)
750,IND,T236,MOHAMMED'S ARMY (KASHMIR)
750,IND,T210,HINDU NATIONAL UNION ARMY
750,IND,T1433,NATIONAL MOVEMENT FOR THE RESTORATION OF PAKISTANI SOVEREIGNTY AND ARMY OF THE PROPHET
750,IND,T2240,AL-HAMAS MUJAHIDEEN
750,IND,T264,LASHKAR I JABBAR
750,IND,T311,MUJAHIDEEN AL MANSOORAN
750,IND,T451,SAVE KASHMIR MOVEMENT
750,IND,T25,AL MANSURAIN
750,IND,T2225,PORATTOM
750,IND,T2331,ISLAMIC FRONT
750,IND,T24,AL-MADINA REGIMENT
750,IND,T1485,ASIF RAZA COMMANDOS
750,IND,T11,AL-ARIFEEN
750,IND,T26,AL-NASIREEN
750,IND,T2330,ISLAMIC FATEH
750,IND,T2441,TEHREEK-E-JEHAD-E-ISLAMI
750,IND,T982,AL SHUDA BRIGADE
750,IND,T1149,KASHMIR FREEDOM FORCE
750,IND,T624,KARBI LONGRI NC LIBERATION FRONT
750,IND,T2226,PRAVEEN DALAM
750,IND,T547,313 BRIGADE
750,IND,T2587,HMAR PEOPLE'S CONVENTION
750,IND,T1572,UNITED ACHIK NATIONAL FRONT (UANF)
750,IND,T2352,KARBI LONGRI NATIONAL LIBERATION FRONT (KLNLF)
750,IND,T749,KARBI LONGRI NORTH CACHAR HILLS RESISTANCE FORCE (KNPR)
750,IND,T2332,ISLAMIC JIHAD FRONT
750,IND,T2043,FARZANDAN-I-MILLAT
750,IND,T2234,ADIVASI NATIONAL LIBERATION ARMY (ANLA)
750,IND,T2239,AL-FAJR
750,IND,T110,BLACK WIDOWS
750,IND,T2415,JHARKHAND LIBERATION TIGERS (JLT)
750,IND,T2490,NAGA PEOPLE?S COUNCIL (NPC)
750,IND,T2554,DHD - BW
750,IND,T2399,HMAR PEOPLE'S CONVENTION-DEMOCRACY (HPC-D)
750,IND,T2578,NSCN - U
750,IND,T2535,UNITED DEMOCRATIC TERAI LIBERATION FRONT (UDTLF)
750,IND,T2501,PEOPLE'S LIBERATION FRONT OF INDIA
750,IND,T579,ALL KAMATAPUR LIBERATION FORCE
750,IND,T2134,DECCAN MUJAHIDEEN
750,IND,T1980,HYNNIEWTREP NATIONAL LIBERATION COUNCIL (HNLC)
750,IND,T2408,INDIAN MUJAHIDEEN
750,IND,T2499,PEOPLE'S COMMITTEE AGAINST POLICE ATROCITIES
750,IND,T2521,TEHRIK-E-GALBA ISLAM
750,IND,T429,AL NASIRIN (INDIA)
750,IND,T2601,NATIONAL DEMOCRATIC FRONT FOR BODOLAND - RD
750,IND,T2532,TRITIYA PRASTUTI COMMITTEE (INDIA)
750,IND,T708,CITIZEN'S RIGHTS PROTECTION VOLUNTEERS
750,IND,T707,BODO PEOPLE?S FRONT (BPF)
750,IND,T2540,VOLUNTEERS OF INNOCENT PEOPLE OF NAGAS (VIPN)
750,IND,T2537,UNITED LIBERATION FRONT OF BARAK VALLEY (ULFBV) - INDIA
750,IND,T2368,GARO NATIONAL LIBERATION ARMY
750,IND,T2525,TERAI JANATANTRIK PARTY (INDIA)
750,IND,T2534,UNITED DEMOCRATIC LIBERATION ARMY (UDLA)
750,IND,T1559,ADIVASI COBRA MILITANTS OF ASSAM (ACMA)
750,IND,T1751,ISLAMIC MOVEMENT OF KASHMIR
750,IND,T1562,ADIVASI PEOPLES ARMY
750,IND,T1711,HILL TIGER FORCE
750,IND,T2004,YIMCHUNGER LIBERATION FRONT
750,IND,T1823,KARBI PEOPLE'S LIBERATION TIGERS
750,IND,T1853,KUKI NATIONAL LIBERATION FRONT (KNLF)
750,IND,T622,MUSLIM UNITED LIBERATION TIGERS OF ASSAM
750,IND,T2007,ZELIANGRONG UNITED FRONT (ZUF)
750,IND,T1893,NAGA NATIONAL COUNCIL (NNC)
750,IND,T2663,PEOPLE'S REVOLUTIONARY PARTY OF KANGLEIPAK-PROGRESSIVE (PREPAK-P)
750,IND,T2649,JHARKHAND JANMUKTI PARISHAD
750,IND,T2634,CORCOM
750,IND,T2691,NATIONAL SOCIALIST COUNCIL OF NAGALAND-KHOLE-KITOVI
750,IND,T2629,BENGALI SANGRAM MUKTI BAHINI
165,URY,T1340,PALMARES ARMED REVOLUTIONARY VANGUARD
165,URY,T548,URUGUAYAN ANARCHIST FEDERATION
165,URY,T503,MOVIMIENTO DE LIBERACION NACIONAL (MLN)
165,URY,T350,ORGANIZACI¢N POPULAR REVOLUCIONARIA - 33
165,URY,T1452,RAUL SENDIC INTERNATIONAL BRIGADE
165,URY,T1629,ARTIGAS GUARD COMMANDO
165,URY,T1771,JUAN ANTONIO LAVALLEJA COMMAND
770,PAK,T652,ALL PAKISTAN MOHAJIR STUDENTS ORGANISATION
770,PAK,T738,JAMIAT-I ULEMA-I ISLAM FAZLUR REHMAN FACTION (JUI-F)
770,PAK,T597,JAMIAT ULEMA-E-ISLAM
770,PAK,T1354,AL BARQ
770,PAK,T104,BLACK DECEMBER
770,PAK,T159,EGYPTAIN ISLAMIC JIHAD (EIJ)
770,PAK,T3,ABU NIDAL ORGANIZATION (ANO)
770,PAK,T212,HISB AL-ISLAM
770,PAK,T722,HIZB-I ISLAMI GULBUDDIN (HIG)
770,PAK,T238,JAMIAT-UL-MUJAHEDIN
770,PAK,T204,HARAKAT UL-JIHAD-I-ISLAMI/BANGLADESH (HUJI-B)
770,PAK,T35,AL-ZULFIKAR
770,PAK,T718,HARKAT UL-MUJAHEDDIN AL-ALMI
770,PAK,T18,AL FUQRA
770,PAK,T206,HARAKAT UL-MUDJAHIDIN (HUM)
770,PAK,T461,ANJUMAN SIPAH-E-SAHABA
770,PAK,T1779,KHALISTAN COMMANDO FORCE
770,PAK,T686,DAUGHTERS OF THE NATION
770,PAK,T266,ARMY OF THE RIGHTEOUS
770,PAK,T1712,FREEDOM PARTY
,,,
770,PAK,T33,COMMANDMENT OF THE MUJAHIDIN
770,PAK,T28,AL-QA'IDA
770,PAK,T213,HIZBAL MUJAHIDEEN (HM)
770,PAK,T314,MUTTAHIDA QAMI MAHAZ
770,PAK,T1858,PAKISTANI PEOPLE'S PARTY (PPP)
770,PAK,T1815,MOHAJIR NATIONAL MOVEMENT
770,PAK,T1757,ITTEHAD-I-ISLAMI
770,PAK,T2341,JAMIAT ULEMA E PAKISTAN
770,PAK,T2165,TEHREEK-E-NAFAZ-E-SHARIATE-MOHAMMADI (TNSM)
770,PAK,T2432,SIPAH-E-MOHAMMED
770,PAK,T239,JAMMU AND KASHMIR ISLAMIC FRONT
770,PAK,T482,TALIBAN
770,PAK,T15,AL FARAN
770,PAK,T467,ISLAMIC OBSERVATION CENTRE (IOC)
770,PAK,T1358,ISLAMBOULI BRIGADES OF AL-QA'IDA
770,PAK,T265,LASHKAR E JHANGVI (LEJ)
770,PAK,T2584,REAL MOHAJIR QAMI MOVEMENT
770,PAK,T901,ISLAMIC REVOLUTIONARY GROUP
770,PAK,T13,AL-BADAR
770,PAK,T764,MUSLIM UNITED ARMY (MUA)
770,PAK,T2053,PAKISTAN SCHOLARS SOCIETY
770,PAK,T2384,MUTAHIDA MAJLIS-E-AMAL (MMA)
770,PAK,T27,AL-NAWAZ
770,PAK,T236,JEISH MUHAMMAD
770,PAK,T1433,NATIONAL MOVEMENT FOR THE RESTORATION OF PAKISTANI SOVEREIGNTY
770,PAK,T2336,UMMAH TAMEER-E-NAU
770,PAK,T267,LASHKAR-I-OMAR
770,PAK,T264,LASHKAR-I-JABBAR
770,PAK,T311,MUJAHIDEEN AL-MANSOORAN
770,PAK,T25,AL MANSURAIN
770,PAK,T22,REVENGE OF THE PAKISTANIS
770,PAK,T2146,TALEBAN MOVEMENT OF PAKISTAN (TTP)
770,PAK,T11,AL-AARIFEEN
770,PAK,T2331,ISLAMIC FRONT
770,PAK,T24,AL-MADINA
770,PAK,T451,SAVE KASHMIR MOVEMENT
770,PAK,T75,AL-QANOON
770,PAK,T570,AL-ABUD NETWORK
770,PAK,T2303,FEDAYEEN IMAM MAHDI
770,PAK,T2330,ISLAMIC FATEH
770,PAK,T547,"""313"""
770,PAK,T947,GOD?S ARMY
770,PAK,T101,BALUCHISTAN LIBERATION ARMY
770,PAK,T346,BATTALION OF THE MARTYR ABDULLAH AZZAM
770,PAK,T2273,BALUCHISTAN NATIONAL ARMY
770,PAK,T2162,HAQQANI NETWORK
770,PAK,T2033,MUSLIM'S ARMY
770,PAK,T656,ANSAAR UL-ISLAM
770,PAK,T2251,AMR BIL MAROOF WA NAHI ANIL MUNKIR
770,PAK,T2272,BALUCHISTAN REPUBLICAN ARMY
770,PAK,T2003,LASHKAR-E-ISLAM (PAKISTAN)
770,PAK,T2683,SALARZAI LASHKAR
770,PAK,T2600,FEDAYEEN ISLAM
770,PAK,T623,ANSAR WA MOHAJIR (PAKISTAN)
770,PAK,T2684,FORCES OF TURKESTAN BHITTANI
770,PAK,T2450,LASHKAR-E-BALOCHISTAN
770,PAK,T2588,ARMY OF ORAKZAI TRIBE
770,PAK,T1019,BALUCHISTAN LIBERATION FRONT (BLF) - PAKISTAN
770,PAK,T695,BALOCHISTAN LIBERATION UNITED FRONT (BLUF)
770,PAK,T2696,TALEBAN MOVEMENT OF PAKISTAN - MOMIN AFRIDI (TTP-AFRIDI)
770,PAK,T2522,TEHRIK-E-TUHAFAZ (PAKISTAN)
770,PAK,T2609,TTP-TA
770,PAK,T2128,SINDHU DESH LIBERATION ARMY (SDLA)
770,PAK,T696,BALUCHI MILITANT DEFENSE ARMY
770,PAK,T2610,TALEBAN MOVEMENT OF PAKISTAN - MULLA RAFIQUE
770,PAK,T2681,MAJLIS TAHAFUZ-E-KHATAM-E-NABUWWAT
770,PAK,T2611,TEHRIK-I-TALIBAN PAKISTAN - MULLAH TOOFAN
770,PAK,T1609,BALOCH LIBERATION TIGERS (BLT)
770,PAK,T2685,LASKHAR OF MASOZAI QAUMI TRIBE
770,PAK,T2002,UNITED BALOCH ARMY (UBA)
770,PAK,T2328,BALOCH MUSLA DEFAI TANZEEM (BMDT)
770,PAK,T2677,TEHRIK-E-TALIBAN-E-ISLAMI (TTI)
770,PAK,T2697,TALEBAN MOVEMENT OF PAKISTAN - ISLAHI (TTP-ISLAHI)
770,PAK,T2686,TAWHEED UL-ISLAM
770,PAK,T2643,ISLAMIC ORGANIZATION OF MALE STUDENTS (IJT)
770,PAK,T2645,JAISH USAMA
770,PAK,T2630,BITANI TRIBE
770,PAK,T2665,TEHRIK-I-TALIBAN PUNJAB
770,PAK,T2621,ABU HAFS KATIBATUL AL-GHURBA AL-MUJAHIDEEN
770,PAK,T2646,JAISH E ISLAM
770,PAK,T2666,QARI KAMRAN GROUP
770,PAK,T2671,SINDH LIBERATION FRONT
41,HTI,T1378,COALITION OF NATIONAL BRIGADES
41,HTI,T898,HECTOR RIOBE BRIGADE
41,HTI,T496,NATIONAL SECURITY VOLUNTEERS
41,HTI,T2470,FANMI LAVALAS
41,HTI,T2300,FACE TO FACE (FACE-A-FACE)
41,HTI,T2283,CANNIBAL ARMY
41,HTI,T2223,FRONT POUR LA LIBERACION ET LA RECONSTRUCTION NATIONALES
626,SSD,T2597,SOUTH SUDAN UNITED MOVEMENT/ARMY
626,SSD,T2659,MURLE TRIBE
626,SSD,T2613,SOUTH SUDAN DEFENCE MOVEMENT/ARMY
626,SSD,T2618,REPUBLIC OF SOUTH SUDAN
626,SSD,T2668,SUDANESE REVOLUTIONARY FRONT
626,SSD,T2672,SOUTH SUDAN DEMOCRATIC ARMY
404,GNB,T2307,"MILITARY JUNTA FOR THE CONSOLIDATION OF DEMOCRACY, PEACE AND JUSTICE"
530,ETH,T162,ETHIOPIAN PEOPLE'S REVOLUTIONARY ARMY
530,ETH,T161,ERITREAN LIBERATION MOVEMENT (ELM)
530,ETH,T493,TIGRAY PEOPLES LIBERATION FRONT (TPLF)
530,ETH,T354,OROMO LIBERATION FRONT
530,ETH,T542,ETHIOPIAN PEOPLES REVOLUTIONARY PARTY
530,ETH,T844,EIJM - AS
530,ETH,T549,OGADEN NATIONAL LIBERATION FRONT (ONLF)
530,ETH,T23,ISLAMIC UNITY
530,ETH,T605,ERITREAN PEOPLE'S LIBERATION FRONT
530,ETH,T1755,ISSA AND GURGURA LIBERATION FRONT
530,ETH,T2235,AFAR REVOLUTIONARY DEMOCRATIC UNITY FRONT
530,ETH,T1989,ERITREAN REVOLUTIONARY DEMOCRATIC FRONT (ERDF)
530,ETH,T2101,ETHIOPIANS
530,ETH,T2250,ALL ETHIOPIAN UNITY PARTY
530,ETH,T2287,KINIJIT
530,ETH,T2659,MURLE TRIBE
530,ETH,T2517,SOMALI ISLAMIC FRONT
438,GIN,T320,NATIONAL PATRIOTIC FRONT OF LIBERIA (NPFL)
438,GIN,T438,REVOLUTIONARY UNITED FRONT (RUF)
438,GIN,T1941,UNITED LIBERATION MOVEMENT FOR DEMOCRACY IN LIBERIA (ULIMO)
438,GIN,T1068,RASSEMBLEMENT DES FORCES DEMOCRATIQUES DE GUINEE (RDFG)
516,BDI,T2257,ANTI-GOVERNMENT GUERRILLAS
516,BDI,T1194,NATIONAL LIBERATION FORCES (FLN)
516,BDI,T1282,RWANDA PATRIOTIC FRONT (RPF)
516,BDI,T1863,PARTY FOR THE LIBERATION OF THE HUTU PEOPLE
516,BDI,T8800,FDLR
516,BDI,T1190,NATIONAL COUNCIL FOR THE DEFENSE OF DEMOCRACY (CNDD)
516,BDI,T88,ARMY FOR THE LIBERATION OF RWANDA
516,BDI,T2308,FORCES FOR THE DEFENSE OF DEMOCRACY (FDD)
516,BDI,T1106,HUTU REBELS
516,BDI,T2477,NATIONAL LIBERATION FRONT (FNL) (BURUNDI)
516,BDI,T1945,NATIONAL FRONT FOR THE REVOLUTION IN BURUNDI (FRONABU-TABARA)
100,COL,T1383,DECEMBER 20 TORRIJIST PATRIOTIC VANGUARD (VPT-20)
100,COL,T1175,MEDELLIN BOLIVARIAN MILITIA
100,COL,T568,"ESPERANZA, PAZ Y LIBERTAD (EPL)"
100,COL,T582,PATRIOTIC UNION (UP)
100,COL,T368,PEOPLE'S LIBERATION FORCES (COLOMBIA)
100,COL,T899,HEROES OF PALESTINE
100,COL,T580,COLOMBIAN COMMUNIST PARTY
100,COL,T412,FARC [ARMED REVOLUTIONARY FORCES OF COLOMBIA]
100,COL,T318,NATIONAL LIBERATION ARMY (COLOMBIA)
100,COL,T380,PEOPLE'S LIBERATION ARMY (EPL)
100,COL,T662,RED BANNER
100,COL,T1178,MILITARY LIBERATION FRONT OF COLOMBIA
100,COL,T80,ARMED FORCES OF NATIONAL RESISTANCE
100,COL,T199,PEOPLE'S GUERRILLA ARMY
100,COL,T69,MOVIMIENTO 19 DE ABRIL
100,COL,T121,LA BRIGADA CHE GUEVARA
100,COL,T365,PEDRO LEON ARBOLEDA MOVEMENT
100,COL,T1346,WORKERS' SELF-DEFENSE MOVEMENT (MAO)
100,COL,T457,SHINING PATH
100,COL,T500,MOVIMIENTO REVOLUCIONARIO TUPAC AMARU (MRTA)
100,COL,T1689,DEMOCRATIC REVOLUTIONARY ALLIANCE (ARDE)
100,COL,T977,ALFARO VIVE CARAJO (AVC)
100,COL,T773,NICARAGUAN DEMOCRATIC FORCE
100,COL,T581,RICARDO FRANCO FRONT
100,COL,T596,QUINTIN LAME
100,COL,T1026,BLACK FLAG
100,COL,T1611,AMERICA BATTALION
100,COL,T460,SIMON BOLIVAR GUERRILLA COORDINATING BOARD (CGSB)
100,COL,T1786,LATIN AMERICAN ANTI-FASCIST COMMAND
100,COL,T1678,COMUNEROS
100,COL,T1740,INSURGENCY COMMUNE
100,COL,T487,THE EXTRADITABLES
100,COL,T1843,NATIONAL SOCIALIST CIVIC WORKERS MOVEMENT
100,COL,T1686,DEATH TO DRUG TRAFFICKERS
100,COL,T1768,JORGE ELIECER GAITAN NATIONALIST MOVEMENT
100,COL,T235,JAIME BATEMAN CAYON GROUP (JBC)
100,COL,T1659,CALI NARCOTICS CARTEL
100,COL,T1946,WORKERS' FORCES OF LIBERATION
100,COL,T1685,DEATH TO BAZUQUEROS
100,COL,T1665,CLEANSING HAND (LA MANO QUE LIMPIA)
100,COL,T1666,COLOMBIAN REVOLUTION
100,COL,T454,PEASANT SELF-DEFENSE GROUP OF CîRDOBA AND URAB?
100,COL,T1176,MEDELLIN CARTEL
100,COL,T1878,POPULAR REVOLUTIONARY COMMANDOS
100,COL,T1667,COMANDO INDEPENDIENTE REVOLUCIONARIO
100,COL,T1791,LIBARDO MORATORO FRONT
100,COL,T200,EJERCITO REVOLUCIONARIO GUEVARISTA (GUEVARIST REVOLUTIONARY ARMY)
100,COL,T521,UNITED SELF-DEFENSE GROUP OF COLOMBIA
100,COL,T371,EJERCITO REVOLUCIONARIO DEL PUEBLO (ERP) (COLOMBIA)
100,COL,T630,CASANARE SELF-DEFENSE GROUP
100,COL,T2323,HUMAN RIGHTS RENEWAL MOVEMENT (RENOVACION POR LOS DERECHOS HUMANOS)
100,COL,T2288,COLOMBIAN PATRIOTIC RESISTANCE
100,COL,T583,GROUP OF GUERILLA COMBATANTS OF JOSE MARIA MORELOS Y PAVON (CGNJMMP)
100,COL,T2286,CIVIL ASSOCIATION FOR PEACE IN COLOMBIA
100,COL,T268,EJERCITO PATRIOTICO LATINO AMERICANO (EPLA)
100,COL,T2682,LOS RASTROJOS (COLOMBIA)
100,COL,T706,BLACK EAGLES
100,COL,T2498,PARAGUAYAN PEOPLE'S ARMY (EPP)
790,NPL,T285,DAKSHIN DESH
790,NPL,T931,PEOPLE'S LIBERATION ARMY (INDIA)
790,NPL,T2257,ANTI-GOVERNMENT GUERRILLAS
790,NPL,T206,HARKATUL MOJAHEDIN
790,NPL,T651,ALL NEPAL NATIONAL INDEPENDENT STUDENTS' UNION
790,NPL,T1942,UNITED PEOPLE'S FRONT
790,NPL,T2417,ARMY OF RANVIR
790,NPL,T135,COMMUNIST PARTY OF NEPAL (MAOIST)
790,NPL,T709,COMMUNIST PARTY OF NEPAL- UNIFIED MARXIST-LENINIST (CPN-UML)
790,NPL,T2464,YOUNG COMMUNIST LEAGUE
790,NPL,T857,DYNAMIC YOUTH FORUM
790,NPL,T1526,MADHESI LIBERATION FRONT
790,NPL,T30,ALL NEPAL NATIONAL FREE STUDENT UNION-REVOLUTIONARY
790,NPL,T1513,TERAI DEMOCRATIC LIBERATION FRONT
790,NPL,T1517,JANATANTRIK TERAI MUKTI MORCHA- BISPHOT SINGH
790,NPL,T1502,JANATANTRIK TERAI MUKTI MORCHA- GOIT (JTMM-G)
790,NPL,T1519,UNITED JANATANTRIK TERAI MUKTI MORCHA
790,NPL,T1503,JANATANTRIK TERAI MUKTI MORCHA- JWALA SINGH
790,NPL,T2362,MADHESI PEOPLE?S RIGHTS FORUM (MPRF)
790,NPL,T2444,TERAI ARMY
790,NPL,T2396,NEPAL PEOPLE'S ARMY
790,NPL,T2543,MADHESI MUKTI TIGERS (MMT)
790,NPL,T2479,MADHESI VIRUS KILLERS
790,NPL,T1532,JANATANTRIK TERAI MUKTI MORCHA- RANBIR SINGH (JTMM-RS)
790,NPL,T1528,JANATANTRIK TERAI MUKTI MORCHA - PRITHVI SINGH
790,NPL,T2505,RASTRIYA JANASHAKTI PARTY (RJP)
790,NPL,T2494,NEPAL DEFENSE ARMY
790,NPL,T2437,KIRAT JANABADI WORKERS PARTY
790,NPL,T1520,ATMM
790,NPL,T1529,JANATANTRIK TERAI MUKTI MORCHA-RAJAN MUKTI
790,NPL,T2523,TERAI COBRA
790,NPL,T2492,NATIONAL LIBERATION ARMY (NEPAL)
790,NPL,T1541,SAMYUKTA JANATANTRIK TERAI MUKTI MORCHA (SJTMM)
790,NPL,T2016,TERAI JANATANTRIK PARTY (TJP)
790,NPL,T2486,MONGOLIAN MUKTI MORCHA
790,NPL,T2478,MADHESH RASTRA JANATANTRIK REVOLUTIONARY (RJR) - NEPAL
790,NPL,T704,BHISAN HIMALI BAG
790,NPL,T2480,MAHAN MADHESH JANAKANTRI PARTY (MMJP)- NEPAL
790,NPL,T2526,TERAI RASTRIYA MUKTI SENA (TRMS)
790,NPL,T2527,THARUHAT JOINT STRUGGLE COMMITTEE (TJSC)
790,NPL,T1557,TERAI MADHESHI MUKTI MORCHA
790,NPL,T2524,TERAI JANATANTRIK MADHES PARTY
790,NPL,T1556,SJMM
790,NPL,T2520,SWATANTRA NEPAL DAL
790,NPL,T1543,JANATANTRIK TERAI MADHESH MUKTI MORCHA (JTMMM)
790,NPL,T1972,SANGHIYA LIMBUWAN COMMITTEE
790,NPL,T1842,KHUMBUWAN MUKTI MORCHA
790,NPL,T1867,MADHESH MUKTI SANGRAM
790,NPL,T2648,JANATANTRIK TERAI MADHES MUKTI PARTY (JTMMP)
790,NPL,T2631,BISWABHUMI SENA BISHAL NEPAL
790,NPL,T2669,SAMYUKTA TERAI MADHES MUKTI PARTY
790,NPL,T2674,SUDURPASCHIM JANATA DAL
343,MKD,T281,VNATRESNO-MAKEDONSKA REVOLUCIONERNA ORGANIZACIJA (VMRO)
343,MKD,T258,KOSOVO PROTECTION CORPS (KPC)
343,MKD,T2263,ARMY OF THE REPUBLIC OF ILIRIDA
343,MKD,T1167,MACEDONIA DAWN
343,MKD,T2185,USHTRIA CLIRIMTARE E KOMBETARE (UCK)
343,MKD,T34,ALBANIAN NATIONAL ARMY - AKSH
343,MKD,T2248,ALBANIAN LIBERATION ARMY
780,LKA,T1239,PEOPLE'S LIBERATION FRONT
780,LKA,T277,LIBERATION TIGERS OF TAMIL (LTTE)
780,LKA,T419,REVOLUTIONARY EELAM ORGANIZATION (EROS)
780,LKA,T327,NEW ARMENIAN RESISTANCE
780,LKA,T2222,PEOPLE'S LIBERATION ORGANIZATION OF TAMIL EELAM
780,LKA,T1926,TAMIL EELAM LIBERATION ORGANIZATION (TELO)
780,LKA,T1694,EELAM PEOPLE'S REVOLUTIONARY LIBERATION FRONT (EPRLF)
780,LKA,T1134,PEOPLES LIBERATION FRONT (JVP)
780,LKA,T1619,ANTI-COMMUNIST VIGILANTE GROUP
780,LKA,T1705,FLYING EAGLES (VIGILANTE GROUP)
780,LKA,T1663,CITIZENS VOLUNTEER FORCE
780,LKA,T2387,NATIONAL FRONT AGAINST TIGERS (NFAT)
780,LKA,T1124,GOVERNMENT SUPPORTERS - SRI LANKA
780,LKA,T733,TAMIL NATIONAL FRONT
780,LKA,T1576,KARUNA FACTION
780,LKA,T768,PEOPLE'S TAMIL ORGANIZATION
666,PSE,T551,TANZIM AL-JIHAD AL-ISLAMI
666,PSE,T552,AL-JIHAD AL-ISLAMI - BAIT AL-MAQDAS
666,ISR,T2169,PALESTINIAN COMMUNIST PARTY
666,PSE,T17,HARAKAT AL-TAHRIR AL-WATANI AL-FILASTINI
666,ISR,T359,PALESTINE LIBERATION FRONT (PLF)
666,ISR,T360,PALESTINE LIBERATION ORGANIZATION (PLO)
666,ISR,T32,AL SAIQA
666,YPR,T378,MARTYR ABU-ALI MUSTAFA BRIGADES
666,ISR,T362,JABHAT AL KIFAH AL-SHABI
666,ISR,T244,JEWISH DEFENSE LEAGUE (JDL)
666,PSE,T73,ARAB LIBERATION FRONT (ALF)
666,FRG,T148,DEMOCRATIC FRONT FOR THE LIBERATION OF PALESTINE
666,ISR,T241,JAPANESE RED ARMY (JRA)
666,ISR,T379,POPULAR FRONT FOR THE LIBERATION OF PALESTINE- GENERAL COMMAND (PFLP-GC)
666,ISR,T250,KAHANE LIVES
666,ISR,T108,BLACK SEPTEMBER
666,ISR,T249,KACH
666,ISR,T3,FATAH REVOLUTIONARY COUNCIL
666,ISR,T2032,JEWISH EXTREMISTS
666,ISR,T39,AMAL
666,ISR,T1919,SOUTH LEBANON ARMY (SLA)
666,ISR,T31,JERUSALEM BRIGADES
666,PSE,T1693,EAGLES OF THE PALESTINIAN REVOLUTION
666,PSE,T1436,ABU BAKER MARTYR GROUP
666,ISR,T361,HARAKAT AL-JIHAD AL-ISLAMI FI FILASTIN
666,ISR,T834,QUWWAT BADR
666,ISR,T208,ORGANIZATION OF THE OPPRESSED ON EARTH
666,ISR,T1310,TERROR AGAINST TERROR
666,PSE,T970,FATAH UPRISING
666,ISR,T306,FORCE 17
666,PSE,T1170,MARTYR HALIM
666,ISR,T363,PALESTINIAN REVOLUTION FORCES GENERAL COMMAND
666,ISR,T1331,UNION OF GALILEE CHRISTIANS
666,PSE,T942,BLACK PANTHER GROUP (PALESTINIAN)
666,ISR,T201,HAMAS
666,ISR,T1778,KESHET
666,ISR,T1912,SICARII
666,ISR,T1684,DAWN FORCES
666,PSE,T1636,BA'ADI (ON MY OWN BEHALF)
666,ISR,T1855,ORGANIZATION FOR ZIONIST RETRIBUTION
666,PSE,T1650,BLACK TIGERS
666,ISR,T1929,TEMPLE MOUNT FAITHFUL MOVEMENT
666,PSE,T2000,IZZ AL-DIN AL-QASSAM BRIGADES
666,ISR,T1007,AL-QASSAM BRIGADES
666,ISR,T1795,LIKUD POLITICAL PARTY
666,ISR,T1597,AGUDAT ISRAEL PARTY
666,PSE,T2005,MARTYR IZZ-AL-DIN AL-QASSAM BRIGADES
666,PSE,T1731,HASMONEANS (JEWISH SETTLER GROUP)
666,PSE,T1895,REVOLUTIONARY SECURITY APPARATUS
666,PSE,T1736,HIZBALLAH PALESTINE
666,PSE,T483,TANZIM
666,ISR,T940,ABU AL-RISH BRIGADES
666,PSE,T604,PALESTINIAN NATIONAL AUTHORITY (PNA)
666,ISR,T165,JEWISH FIGHTING ORGANIZATION
666,ISR,T918,JUND AL-SHAM
666,PSE,T131,COMMITTEE FOR THE SECURITY OF THE HIGHWAYS
666,PSE,T447,SALAH AL-DIN BATTALIONS
666,PSE,T2324,INTIFADA MARTYRS
666,ISR,T2446,THE ISLAMIC REVOLUTION TO LIBERATE PALESTINE
666,PSE,T2453,UMAR AL-MUKHTAR MARTYR FORCES
666,PSE,T2445,THE HUSAYN UBAYYAT MARTYRS BRIGADES
666,ISR,T1145,PALESTINIAN HIZBALLAH
666,PSE,T383,POPULAR RESISTANCE COMMITTEES
666,ISR,T12,KATAEB AL-SHAHEED AL-AQSA
666,ISR,T2312,GILAD SHALHEVET BRIGADES
666,PSE,T2406,PEOPLE'S ARMY'S PIONEERS
666,PSE,T2229,THE BATTALIONS OF RETURN
666,PSE,T243,JENIN MARTYRS' BRIGADE
666,PSE,T2242,AL-NADIR
666,ISR,T409,NIKMAT HAOLEILIM
666,PSE,T2269,AVENGERS OF THE INFANTS
666,ISR,T2416,RAMZI NAHRA MARTYR ORGANIZATION
666,ISR,T2343,JERUSALEM GROUPS HEBREW (QVUTZOT YERUSHALAYIM)
666,ISR,T845,AHRAR AL-JALIL
666,PSE,T798,REVAVA
666,ISR,T1437,OMAR BIN KHATTAB GROUP
666,ISR,T1429,FIGHTERS OF JERUSALEM BRIGADES
666,ISR,T855,KNIGHTS OF THE STORM
666,PSE,T1355,AL-FATH AL-MUBIN TROOPS
666,ISR,T1397,HOLY JIHAD BRIGADES
666,ISR,T1359,AL-MAJD BRIGADES
666,PSE,T2006,ARMY OF ISLAM
666,PSE,T2116,MARTYR YUSUF AL-QUQA BRIGADE
666,PSE,T1461,MARTYR SAMI AL-GHUL BRIGADES
666,PSE,T2334,ISLAMIC SWORDS OF JUSTICE IN THE LAND OF RIBAT
666,PSE,T2221,JALJALAT
666,PSE,T2001,NATIONAL RESISTANCE BRIGADES
666,ISR,T1512,ISRAELI ARAB ISLAMIC MOVEMENT
666,PSE,T2414,JAISH AL-UMMA (ARMY OF THE NATION)
666,ISR,T692,ARMY OF STATE LIBERATORS
666,ISR,T719,CONQUEROR ARMY
666,PSE,T589,AL-MUJAHEDIN BRIGADES (PALESTINE)
666,PSE,T2530,THE NATION'S ARMY
666,PSE,T602,ANSAR AL SUNNAH (PALESTINE)
666,PSE,T1997,TAWHID AND JIHAD (PALESTINE)
666,ISR,T2623,SUPPORTERS OF JERUSALEM
666,ISR,T2657,MUJAHIDEEN SHURA COUNCIL OF JERUSALEM
541,MOZ,T10,SOUTH AFRICAN NATIVE NATIONAL CONGRESS
541,MOZ,T309,MOZAMBIQUE NATIONAL RESISTANCE MOVEMENT (RENAMO)
541,MOZ,T539,ZIMBABWE AFRICAN NATIONALIST UNION (ZANU)
541,MOZ,T2257,ANTI-GOVERNMENT GUERRILLAS
541,MOZ,T1827,MOZAMBIQUE LIBERATION FRONT (FRELIMO)
910,PNG,T710,ORGANISASI PAPUA MERDEKA (OPM)
910,PNG,T1654,BOUGAINVILLE REVOLUTIONARY ARMY (BRA)
910,PNG,T2104,STUDENTS U OF PNG
540,AGO,T711,FRENTE DEMOCRATICA DE CABINDA (FDC)
540,AGO,T381,POPULAR MOVEMENT FOR THE LIBERATION OF ANGOLA-PARTY OF LABOR
540,AGO,T470,SOUTH-WEST AFRICA PEOPLE'S ORGANIZATION (SWAPO)
540,AGO,T572,FRENTE NACIONAL DE LIBERTAE?O DE ANGOLA (FNLA)
540,AGO,T543,FRONT FOR THE LIBERATION OF CABINDA / CABINDA ARMED FORCES (FLEC-FAC)
540,AGO,T186,FRONT FOR THE LIBERATION OF THE ENCLAVE OF CABINDA (FLEC)
540,AGO,T514,UNIAO NACIONAL PARA A INDEPENDENCIA TOTAL DE ANGOLA
540,AGO,T2257,ANTI-GOVERNMENT GUERRILLAS
540,AGO,T187,FRONT FOR THE LIBERATION OF THE CABINDA ENCLAVE - RENEWED
678,YEM,T2048,ORGANIZATION OF DESCENDANTS OF COMPANIONS (OF THE PROPHET MUHAMMAD) IN THE LAND OF THE ARABIAN PENINSULA
678,YEM,T1066,EAGLES OF NATIONAL UNITY
678,YEM,T481,ANATHEMA AND EXILE
678,YEM,T28,THE BASE
678,YEM,T536,YEMEN ISLAMIC JIHAD
678,YEM,T8,JAYSH ADAN
678,YEM,T1053,BANI JABER TRIBE
678,YEM,T2232,ABIDA TRIBE
678,YEM,T1475,WORLD ISLAMIC JIHAD GROUP
678,YEM,T2247,AL-ZAIDI TRIBE - MAREB
678,YEM,T761,MOHAMMED'S ARMY
678,YEM,T2440,SYMPATHIZERS OF AL-QA`IDA ORGANIZATION
678,YEM,T29,AL-QAEDA IN THE ARABIAN PENNINSULA (AQAP)
678,YEM,T2246,AL-SHABAAB AL-MUMININ
678,YEM,T2244,AL-QA?IDA IN YEMEN
678,YEM,T2182,HOUTHIS
678,YEM,T569,AL-JUB TRIBE
678,YEM,T1542,AL BAKAZIM
678,YEM,T658,AQMUR
678,YEM,T2518,SOUTHERN MOBILITY MOVEMENT (YEMEN)
678,YEM,T1816,JOINT MEETING PARTIES (JMP)
522,DJI,T1087,FRONT FOR THE LIBERATION OF THE SOMALI COAST
522,DJI,T1714,FRONT POUR LA RESTAURATION DE L'UNITE ET DE LA DEMOCRATIE (FRUD)
522,DJI,T2201,FRONT POUR LA RESTAURATION DE L?UNITE ET DE LA DEMOCRATIE - AHMED DINI FACTION
552,ZWE,T539,ZIMBABWE AFRICAN NATIONALIST UNION (ZANU)
552,ZWE,T1453,LIBERATION WAR VETERANS ASSOCIATION
552,ZWE,T2373,MOVEMENT FOR DEMOCRATIC CHANGE (MDC)
552,ZWE,T2393,NATIONAL YOUTH SERVICE OF ZIMBABWE
93,NIC,T448,SANDINISTA NATIONAL LIBERATION FRONT (FSLN)
93,NIC,T804,SANDINISTAS
93,NIC,T69,M-19
93,NIC,T1182,MORAZANIST FRONT FOR THE LIBERATION OF HONDURAS (FMLH)
93,NIC,T1228,PATRIOTIC ANTI-COMMUNIST FRONT
93,NIC,T124,CINCHONERO PEOPLE'S LIBERATION MOVEMENT
93,NIC,T2052,FUERZAS ARMADAS REVOLUCIONARIAS NICARAGUENSES (FARN)
93,NIC,T775,REVOLUTIONARY ARMED FORCES OF NICARAGUA
93,NIC,T141,CONTRARREVOLUCIONARIOS
93,NIC,T1689,DEMOCRATIC REVOLUTIONARY ALLIANCE (ARDE)
93,NIC,T773,NICARAGUAN DEMOCRATIC FORCE
93,NIC,T1814,MISKITO INDIAN ORGANIZATION
93,NIC,T1847,NICARAGUAN RESISTANCE
93,NIC,T1866,PEOPLE'S INFORMATION GROUP
93,NIC,T1258,RECONTRAS
93,NIC,T1809,MIGUEL D'ESCOTO BROCKMAN COMMUNITY MOVEMENT
93,NIC,T1769,JORGE MARTINEZ ASSOCIATION OF COMBATANTS
93,NIC,T1770,JOSE BENITO ESCOBAR WORKERS FEDERATION
93,NIC,T1879,PUNITIVE LEFTIST FRONT
93,NIC,T1948,YATAMA
93,NIC,T48,FRENTE UNIDO ANDRES CASTRO
372,GEO,T2553,REPUBLIC OF SOUTH OSSETIA
372,GEO,T2467,ZVIADISTS
372,GEO,T2552,REPUBLIC OF ABKHAZIA
372,GEO,T979,ALGETIS MGLEBI (WOLVES)
372,GEO,T474,SPECIAL PURPOSE ISLAMIC REGIMENT
372,GEO,T751,T'ET'RI LEGIONI
372,GEO,T100,BAGRAMYAN BATTALION
372,GEO,T228,INTERNATIONAL ISLAMIC BRIGADE
70,MEX,T905,PEOPLE'S REVOLUTIONARY ARMED FORCES (FRAP)
70,MEX,T102,BASQUE HOMELAND AND FREEDOM
70,MEX,T307,MOVIMIENTO DE LA IZQUIERDA REVOLUCIONARIA (MIR)
70,MEX,T1427,MOVIMIENTO ARMADO NACIONALISTA ORGANIZACION (MANO)
70,MEX,T342,LIGA COMUNISTA 23 DE SEPTIEMBRE (LC-23S)
70,MEX,T594,NATIONAL FRONT FOR THE LIBERATION OF CUBA (FLNC)
70,MEX,T519,UNITED POPULAR LIBERATION ARMY OF AMERICA
70,MEX,T702504,PEOPLE'S LIBERATION ARMY (MEXICO)
70,MEX,T457,SENDERO LUMINOSO (SL)
70,MEX,T1193,NATIONAL INDEPENDENT COMMITTEE FOR POLITICAL PRISONERS AND PRESECUTED AND MISSING PERSONS
70,MEX,T141,COUNTER REVOLUTIONARIES
70,MEX,T50,ANIMAL LIBERATION
70,MEX,T919,EJERCITO ZAPATISTA DE LIBERACIîN NACIONAL
70,MEX,T981,ALPHA-66
70,MEX,T1872,POOR PEOPLE'S PARTY
70,MEX,T893,SIMON BOLIVAR ANTI-IMPERIALIST COMMANDO
70,MEX,T2259,ARIC UNION ASSOCIATION
70,MEX,T441,REVOLUTIONARY WORKER CLANDESTINE UNION OF THE PEOPLE PARTY (PROCUP)
70,MEX,T1690,DEMOCRATIC REVOLUTIONARY PARTY
70,MEX,T1824,MOVEMENT FOR TRIQUI UNIFICATION AND STRUGGLE
70,MEX,T1813,MILITANTS OF THE NATIONAL ACTION PARTY
70,MEX,T154,EARTH LIBERATION FRONT (ELF)
70,MEX,T2581,ROCK MACHINE
70,MEX,T584,POPULAR REVOLUTIONARY ARMY
70,MEX,T247,JUSTICE ARMY FOR DEFENSELESS PEOPLE
70,MEX,T1955,INSURGENT PEOPLE'S REVOLUTIONARY ARMY (ERPI)
70,MEX,T928,VILLISTA REVOLUTIONARY ARMY OF THE PEOPLE (EVRP)
70,MEX,T413,REVOLUTIONARY ARMED FORCES OF THE PEOPLE (FARP)
70,MEX,T583,GROUP OF GUERILLA COMBATANTS OF JOSE MARIA MORELOS Y PAVON (CGNJMMP)
70,MEX,T927,CLANDESTINE REVOLUTIONARY COMMITTEE OF THE POOR (CCRP-CJ)
70,MEX,T2070,SINALOA CARTEL
70,MEX,T2386,GULF CARTEL
70,MEX,T841,COMANDO JARAMILLISTA MORELENSE 23 DE MAYO
70,MEX,T1005,ARMED COMMUNIST LEAGUE
70,MEX,T2580,TIJUANA CARTEL - EL TEO
70,MEX,T2577,C?RTEL DE JU?REZ
70,MEX,T2424,JUAREZ CARTEL (CARRILLO-FUENTES / MEXICO)
70,MEX,T2579,CARTEL DE TIJUANA
70,MEX,T2604,LOS ZETAS
70,MEX,T2606,BELTR?N LEYVA CARTEL - VALDEZ VILLAREAL FACTION
70,MEX,T2605,CARTEL DE LOS BELTRAN LEYVA
70,MEX,T2545,KNIGHTS TEMPLAR (CABALLEROS TEMPLARIOS)
70,MEX,T1713,INDIVIDUALIDADES TENDIENDO A LO SALVAJE
70,MEX,T2547,CARTEL INDEPENDIENTE DE ACAPULCO (CIDA)
70,MEX,T2546,JALISCO CARTEL NEW GENERATION
70,MEX,T2513,LA FAMILIA MICHOACANA (LFM)
70,MEX,T2548,THE SWEEPER
70,MEX,T2549,CARTELES UNIDOS
70,MEX,T2694,LOS ZETAS - VELAZQUEZ CABALLERO FACTION
482,CAF,T2455,UNION OF DEMOCRATIC FORCES
482,CAF,T2224,POPULAR ARMY FOR THE RESTORATION OF DEMOCRACY
482,CAF,T1567,FORCES FOR THE UNIFICATION OF THE CENTRAL AFRICAN REPUBLIC (FIRCA)
482,CAF,T1880,FREEDOM EAGLES OF AFRICA
482,CAF,T743,CONVENTION DES PATRIOTES POUR LA JUSTICE ET LA PAIX (CPJP)
482,CAF,T2664,POPULAR FRONT FOR RECOVERY
365,RUS,T1283,SADVAL
365,RUS,T592,RUSSIAN REVIVAL
365,RUS,T2045,RUSSIAN MAFIA
365,RUS,T763,RED GUERRILLAS - RUSSIA
365,RUS,T1155,DEMOCRATIC PEOPLES UNIONS
,,,
365,RUS,T28,AL QAEDA
365,RUS,T1350,CHECHEN REBELS (NON-SPECIFIC)
365,RUS,T444,RUSSIAN NATIONAL UNITY
365,RUS,T1646,BLACK BERETS
365,RUS,T2385,NATIONAL BOLSHEVIK PARTY (NBP)
365,RUS,T1680,CONGRESS OF KABARDIAN PEOPLE
365,RUS,T861,RUSSIAN NATIONAL BOLSHEVIST PARTY
365,RUS,T607,CHECHEN REPUBLIC OF ICHKERIA
365,RUS,T1358,PLATOON OF MARYTR KHALED ISLAMBOULI
365,RUS,T474,SPECIAL PURPOSE ISLAMIC REGIMENT
365,RUS,T330,NEW REVOLUTIONARY ALTERNATIVE (NRA)
365,RUS,T228,ISLAMIC INTERNATIONAL PEACEKEEPING BRIGADE (IIPB)
365,RUS,T2463,WOLVES OF ISLAM
365,RUS,T308,THE 29TH DIVISION
365,RUS,T1006,GROZNY JAMAAT
365,RUS,T479,SWORD OF ISLAM
365,RUS,T145,DAGESTAN LIBERATION ARMY
365,RUS,T1295,SKIF DETACHMENT
365,RUS,T443,RIYADUS-SALIHEYEN MARTYRS BRIGADE
365,RUS,T2260,ARMED FORCES OF THE CHECHEN REPUBLIC OF ICHKERIA
365,RUS,T2378,MUJAHEDEEN OF THE LECHI DUDAYEV SUBUNIT
365,RUS,T2459,VANGUARD OF RED YOUTH (AKM)
365,RUS,T1064,DAGESTANI SHARI'AH JAMAAT
365,RUS,T2555,FOLLOWERS OF THE HOLY WAR
365,RUS,T1516,JAMAAT KATAIB AL-KHOUL
365,RUS,T1399,INGUSH JAMA'AT SHARIAT
365,SUN,T2353,IMARAT KAVKAZ
365,RUS,T2483,MILITANT ORGANIZATION OF RUSSIAN NATIONALISTS
365,RUS,T2497,NVF
365,RUS,T2434,KARABULAK GANG
365,RUS,T1620,BLACK HAWKS (ANTI-WAHHABISTS)
365,RUS,T2644,IZBERBASH GANG
581,COM,T2558,MPA / REPUBLIC OF ANJOUAN
581,COM,T2593,ANJOUAN PEOPLE?S MOVEMENT - SAID OMAR CHAMASSI FACTION
531,ERI,T1990,POPULAR DEMOCRATIC FRONT FOR THE LIBERATION OF ERITREA
531,ERI,T161,ERITREAN LIBERATION MOVEMENT (ELM)
531,ERI,T844,ERITREAN ISLAMIC REFORM MOVEMENT
531,ERI,T1987,ERITREAN LIBERATION FRONT - REVOLUTION COUNCIL
531,ERI,T28,THE BASE
531,ERI,T1985,ERITREAN KUNAMAS DEMOCRATIC MOVEMENT (DMLEK)
531,ERI,T1988,ERITREAN PEOPLE'S CONGRESS
531,ERI,T1982,GASH-SETIT DEMOCRATIC RESISTANCE MOVEMENT
531,ERI,T1981,ALLIANCE OF ERITREAN NATIONAL FORCES
531,ERI,T2509,RED SEA AFAR DEMOCRATIC ORGANIZATION (RSADO)
531,ERI,T1704,ERITREAN SALVATION FRONT (ESF)
700,AFG,T682,COUNCIL FOR THE DEFENSE OF AFGHANISTAN
700,AFG,T598,AFGHAN JIHAD COUNCIL
700,AFG,T1240,PEOPLE'S MUJAHIDEEN OF AFGHANISTAN
700,AFG,T17,FATAH
700,AFG,T104,BLACK DECEMBER
700,AFG,T159,EGYPTIAN ISLAMIC JIHAD MOVEMENT
700,AFG,T212,HIZBUL ISLAM
700,AFG,T19,AL-GAMAT AL-ISLAMIYA
700,AFG,T722,HIZB-I ISLAMI GULBUDDIN (HIG)
700,AFG,T35,AL ZULFIKAR
,,,
700,PSE,T28,QA'IDAT AL-JIHAD
700,AFG,T536,YEMEN ISLAMIC JIHAD
700,AFG,T303,GROUPE ISLAMIQUE COMBATTANT MORROCAIN (GICM)
700,AFG,T1798,MAHAZ-E-MILLI ISLAMI AFGHANISTAN
700,AFG,T1831,NAHZAT E ESLAMI
700,AFG,T1757,ITTEHAD-I-ISLAMI
700,AFG,T1733,HEZB-E WAHDAT-E ISLAMI-YI AFGHANISTAN
700,AFG,T1832,NAJIB WATAN PARTY FACTION
700,AFG,T1762,JAMIAT-E ISLAMI-YI AFGHANISTAN
700,AFG,T1730,HARAKAT-I-INQILAHI-I-ISLAMI
700,AFG,T482,TALIBAN
700,AFG,T265,LASHKAR-E-JHANGVI (LEJ)
700,AFG,T2448,UIFSA
700,AFG,T1396,FREEDOM PARY OF AFGHANISTAN
700,AFG,T918,ARMY OF THE LEVANT
700,AFG,T728,WORLD ISLAMIC FRONT FOR THE JIHAD AGAINST THE JEWS AND THE CRUSADERS
700,AFG,T499,JAMAA COMBATTANTE TUNISIENNE (JCT)
700,AFG,T1484,GULBUDDIN HEKMATYAR GROUP
700,AFG,T2357,LASHKAR-E-FIDAYAN-E-ISLAM
700,AFG,T312,MUJAHIDEEN MESSAGE
700,AFG,T445,SWORD OF MUSLIMS
700,AFG,T237,JAISH-UL-MUSLIMIN
700,AFG,T2443,TELA MOHAMMED
700,AFG,T2162,HAQQANI NETWORK
700,AFG,T2433,SIRRI POWZ
700,AFG,T2376,GHULAM YAHYA AKBAR
700,AFG,T1825,KHORASAN JIHADI GROUP
700,AFG,T2662,PEOPLE'S AMN COMMITTEE
700,AFG,T2658,MULLAH DADULLAH FRONT
775,MMR,T252,KAREN NATIONAL UNION (KNU)
775,MMR,T1417,KARENNI NATIONAL PROGRESSIVE PARTY
775,MMR,T621,KACHIN INDEPENDENCE ARMY (KIA)
775,MMR,T955,UNITED NATIONAL LIBERATION FRONT (UNLF)
775,MMR,T1907,SHAN STATE NATIONAL ARMY
775,MMR,T2430,SHAN UNITED REVOLUTIONARY ARMY
775,MMR,T1447,PEOPLE'S REVOLUTIONARY PARTY OF KANGLEIPAK (PREPAK)
775,MMR,T931,PEOPLE'S LIBERATION ARMY (PLA)
775,MMR,T810,SHAN STATE PROGRESS PARTY
775,MMR,T1817,MONG TAI ARMY
775,MMR,T316,NATIONAL DEMOCRATIC FRONT FOR BODOLAND (NDFB)
775,MMR,T1657,BURMA COMMUNIST PARTY
775,MMR,T930,NATIONAL SOCIALIST COUNCIL OF NAGALAND-KHAPLANG (NSCN-K)
775,MMR,T1788,LEAGUE FOR NATIONAL DEMOCRACY
775,MMR,T2195,UNITED WA STATE PARTY
775,MMR,T1623,ARAKAN ROHINGY ISLAMIC FRONT
775,MMR,T870,ALL BURMA STUDENTS' DEMOCRATIC FRONT (ABSDF)
775,MMR,T150,DEMOCRATIC KAREN BUDDHIST ARMY
775,MMR,T671,RESTORATION COUNCIL OF SHAN STATES
775,MMR,T846,GOD'S ARMY
775,MMR,T527,VIGOROUS BURMESE STUDENT WARRIORS
775,MMR,T2583,MONGKO DEFENCE ARMY - LIN MIN
775,MMR,T2582,MONGKO DEFENCE ARMY
775,MMR,T2285,CHIN NATIONAL ARMY
775,MMR,T2447,KOKANG
775,MMR,T2585,MYANMAR NATIONAL DEMOCRATIC ALLIANCE ARMY
775,MMR,T2612,DKBA-5
200,GBR,T614,ULSTER POLITICAL RESEARCH GROUP (UPRG)
200,GBR,T612,COMBINED LOYALIST MILITARY COMMAND
200,GBR,T613,ULSTER DEMOCRATIC PARTY
200,GBR,T616,ULSTER ARMY COUNCIL
200,GBR,T561,RED ACTION
200,GBR,T224,IRISH REPUBLICAN ARMY (IRA)
200,GBR,T697,EUROPEAN LIBERATION FRONT (ELF)
200,GBR,T511,ULSTER VOLUNTEER FORCE (UVF)
200,GBR,T481,TAKFIR WAL HIJRA
200,GBR,T378,AL-JABHA ASH-SHA'ABIYA LI-TAHRIR FALASTIN
200,GBR,T244,JEWISH DEFENSE LEAGUE (JDL)
200,GBR,T73,ARAB LIBERATION FRONT (ALF)
200,GBR,T778,OFFICIAL IRISH REPUBLICAN ARMY (OIRA)
200,GBR,T702502,PROTESTANT EXTREMISTS
200,GBR,T108,BLACK SEPTEMBER
200,GBR,T510,ULSTER DEFENSE ASSOCIATION/ULSTER FREEDOM FIGHTERS
200,GBR,T2142,LOYALIST FREEDOM FIGHTERS
200,GBR,T702531,RED HAND COMMANDOS
200,GBR,T594,NATIONAL FRONT FOR THE LIBERATION OF CUBA (FLNC)
200,GBR,T104,BLACK DECEMBER
200,GBR,T702527,PROTESTANT ACTION GROUP
200,GBR,T3,FATAH REVOLUTIONARY COUNCIL (FRC/ANO)
200,GBR,T786,PEOPLE'S LIBERATION ARMY (NORTHERN IRELAND)
200,GBR,T116,CATHOLIC REACTION FORCE
200,GBR,T223,IRISH NATIONAL LIBERATION ARMY (INLA)
200,GBR,T329,RED BRIGADES
200,GBR,T87,HAYASTANI AZATAGRUT'YAN HAY GAGHTNI BANAK
200,GBR,T248,JUSTICE COMMANDOS FOR THE ARMENIAN GENOCIDE
200,FRG,T1297,SOLDIERS OF THE ALGERIAN OPPOSITION (SOA)
200,GBR,T702505,ARMY FOR FREEING SCOTLAND
200,GBR,T2151,INTERNATIONAL THIRD POSITION (ITP)
200,GBR,T327,NEW ARMENIAN RESISTANCE
200,GBR,T292,MAY 15 ORGANIZATION FOR THE LIBERATION OF PALESTINE
200,GBR,T1289,SCOTTISH NATIONAL LIBERATION ARMY
200,GBR,T50,ANIMAL LIBERATION
200,GBR,T659,ANIMAL RIGHTS MILITIA (ARM)
200,GBR,T961,2 APRIL GROUP
200,GBR,T2046,ANGRY BRIGADES
200,GBR,T1744,IRISH PEOPLE'S LIBERATION ORGANIZATION (IPLO)
200,GBR,T140,IRISH CONTINUITY ARMY COUNCIL (ICAC)
200,GBR,T1968,ULSTER RESISTANCE
200,GBR,T1724,GUARDIANS OF THE ISLAMIC REVOLUTION
200,GBR,T1614,ANIMAL DEFENSE LEAGUE
200,GBR,T1648,BLACK LIBERATION FRONT
200,GBR,T1808,MEIBION GLYNDWR
200,GBR,T1857,ORGANIZATION OF MUJAHADIN OF ISLAM
200,GBR,T28,AL QAIDA
200,GBR,T351,ORANGE VOLUNTEERS
200,GBR,T536,YEMEN ISLAMIC JIHAD
200,GBR,T739,JAMMU AND KASHMIR LIBERATION FRONT (JKLF)
200,GBR,T154,EARTH LIBERATION FRONT
200,GBR,T1881,RED COMMANDOS
200,GBR,T1967,COMBAT 18
200,GBR,T806,SUPPORTERS OF SHARIAH (SOS)
200,GBR,T280,LOYALIST VOLUNTEER FORCE (LVF)
200,GBR,T2133,PROTESTANT VOLUNTEER FORCE
200,GBR,T396,TRUE IRA
200,GBR,T2361,LOYALIST ACTION FORCE
200,GBR,T402,RED HAND DEFENDERS (RHD)
200,GBR,T1966,JUSTICE FOR PROTESTANTS
200,GBR,T468,SOUTH LONDONDERRY PROTESTANT VOLUNTEERS
200,GBR,T1969,PROTESTANT MILITARY ALLIANCE
200,GBR,T2462,WHITE WOLVES
200,GBR,T975,STOP HUNTINGDON ANIMAL CRUELTY (SHAC)
200,GBR,T2,ABU HAFS AL-MASRI BRIGADES
200,GBR,T1353,ARAB PEOPLE'S DEMOCRATIC FRONT
200,GBR,T729,SECRET ORGANIZATION OF AL-QAEDA IN EUROPE
200,GBR,T1548,OXFORD ARSON GROUP
200,GBR,T2131,OGLAIGH NA HEIREANN
200,GBR,T2506,REAL ULSTER FREEDOM FIGHTERS (UFF) - NORTHERN IRELAND
200,GBR,T1953,PROVISIONAL RSPCA
200,GBR,T2667,REPUBLICAN ACTION AGAINST DRUGS
200,GBR,T2678,NEW IRISH REPUBLICAN ARMY
115,SUR,T1033,BRUNSWIJK JUNGLE COMMANDO
115,SUR,T1432,NATIONAL LIBERATION UNION
560,ZAF,T667,BOEREMAG
560,ZAF,T470,SOUTH-WEST AFRICA PEOPLE'S ORGANIZATION (SWAPO)
560,ZAF,T10,AFRICAN NATIONAL CONGRESS (SOUTH AFRICA)
560,ZAF,T1860,PAN AFRICANIST CONGRESS (PAC)
560,ZAF,T1790,LESOTHO LIBERATION ARMY (LLA)
560,ZAF,T558,QIBLA
560,ZAF,T1739,INKATHA FREEDOM PARTY (IFP)
560,ZAF,T1596,AFRIKANER RESISTANCE MOVEMENT (AWB)
560,ZAF,T1800,MANDELA SOCCER CLUB
560,ZAF,T28,AL-QA'IDA
560,ZAF,T1852,ORDE BOEREVOIK
560,ZAF,T1343,WHITE LIBERATION ARMY
560,ZAF,T1845,NAZI BOERESTAT PARTY
560,ZAF,T1635,AZANIA PEOPLE'S ORGANIZATION (AZAPO)
560,ZAF,T1664,CIVIL COOPERATION BUREAU
560,ZAF,T1652,BOER REPUBLIKEINSE LEER
560,ZAF,T1952,YOUTH FOR REVOLUTION
560,ZAF,T366,PEOPLE AGAINST GANSTERISM AND DRUGS (PAGAD)
560,ZAF,T888,BOERE STORMTROOPERS
560,ZAF,T557,MUSLIMS AGAINST ILLEGITIMATE LEADERS
560,ZAF,T313,MUSLIMS AGAINST GLOBAL OPPRESSION (MAGO)
560,ZAF,T2354,BOERE VRYHEIDS AKSIE
560,ZAF,T2231,28S
560,ZAF,T322,NATIONAL WARRIORS
625,SDN,T162,ETHIOPIAN PEOPLES REVOLUTIONARY ARMY
625,SDN,T618,UMMA PARTY
625,SDN,T2275,THE BEJA CONGRESS
625,SDN,T481,TAKFIR WA'L HIJRA
625,SDN,T108,MUNAZZAMAT AYLUL AL-ASWAD
625,SDN,T2257,ANTI-GOVERNMENT GUERRILLAS
625,SDN,T844,HARAKAT AL JIHAD AL ISLAMI - ABU SUHAIL FACTION
625,SDN,T477,SUDAN PEOPLES LIBERATION MOVEMENT (SPLM)
625,SDN,T279,LORDS RESISTANCE ARMY (LRA)
625,SDN,T1304,SUDANESE LIBERATION ARMY
625,SDN,T1621,ANYA-NYA II MILITIA
625,SDN,T508,UGANDA DEMOCRATIC CHRISTIAN ARMY (UDCA)
625,SDN,T1921,SUDANESE PEOPLE'S LIBERATION FORCES
625,SDN,T28,AL QAIDA
625,SDN,T617,NATIONAL DEMOCRATIC ALLIANCE OF SUDAN
625,SDN,T605,ERITREAN PEOPLES LIBERATION FRONT
625,SDN,T512,UMMAH LIBERATION ARMY (ULA)
625,SDN,T1467,SOUTHERN SUDAN INDEPENDENCE MOVEMENT (SSIM)
625,SDN,T2101,ETHIOPIANS
625,SDN,T2042,EQUATORIAL DEFENSE FORCE
625,SDN,T484,SUDANESE ALLIANCE FORCES
625,SDN,T2342,JANJAWEED
625,SDN,T2597,SOUTH SUDAN UNITED MOVEMENT/ARMY
625,SDN,T1983,ASSOCIATION OF ERITREAN INITIATIVE
625,SDN,T1124,GOVERNMENT SUPPORTERS - SRI LANKA
625,SDN,T2489,SUDAN LIBERATION MOVEMENT (SLM)
625,SDN,T2168,JUSTICE AND EQUALITY MOVEMENT (JEM)
625,SDN,T2569,POPULAR DEFENSE FORCE (PDF)
625,SDN,T2563,JANJAWEED-M
625,SDN,T2551,SUDAN LIBERATION MOVEMENT/ARMY - MINNI MINAWI FACTION
625,SDN,T2564,JANJAWEED - BK
625,SDN,T2392,NATIONAL REDEMPTION FRONT
625,SDN,T2347,SUDAN LIBERATION MOVEMENT/ARMY-UNITY
625,SDN,T2371,MINAWI'S FACTION FORCES
625,SDN,T2500,PEOPLE'S DEMOCRATIC STRUGGLE MOVEMENT
625,SDN,T2613,SOUTH SUDAN DEFENCE MOVEMENT/ARMY (SSDM/A)
625,SDN,T2616,SUDAN PEOPLE'S LIBERATION MOVEMENT - NORTH
625,SDN,T1859,LIBERATION AND JUSTICE MOVEMENT (LJM)
625,SDN,T1986,SOUTH SUDAN LIBERATION MOVEMENT-ARMY
625,SDN,T1869,MESSIRIA
625,SDN,T2668,AL-JABHAT AL-THAWRIYAT AL-SUDAN
625,SDN,T2673,SUDAN LIBERATION ARMY
230,ESP,T47,LOS ANARQUISTAS
230,ESP,T102,BASQUE HOMELAND AND FREEDOM
230,ESP,T481,REJECTION OF SINS AND EXODUS
230,ESP,T173,FIRST OF OCTOBER ANTIFASCIST RESISTANCE GROUP
230,ESP,T702508,GAC
230,ESP,T702516,CATALAN LIBERATION FRONT (FAC)
230,ESP,T108,BLACK SEPTEMBER ORGANIZATION (BSO)
230,ESP,T310,NATIONAL LIBERATION ARMY OF IRAN (NLA)
230,ESP,T702526,IBERIAN LIBERATION MOVEMENT (MIL)
230,ESP,T594,FRENTE DE LIBERACION NACIONAL CUBANA (FLNC)
230,ESP,T3,FATAH REVOLUTIONARY COUNCIL
230,ESP,T880,ARGENTINE ANTICOMMUNIST ALLIANCE (AAA)
230,ESP,T87,ARMENIAN SECRET ARMY FOR THE LIBERATION OF ARMENIA (ASALA)
230,ESP,T248,JUSTICE COMMANDOS FOR THE ARMENIAN GENOCIDE
230,ESP,T678,COMMUNIST PARTY OF SPAIN - RECONSTITUTED
230,ESP,T277,LIBERATION TIGERS OF TAMIL (LTTE)
230,ESP,T472,BATALLON VASCO-ESPANOL (BVE)
230,ESP,T1375,CANARY ISLANDS INDEPENDENCE MOVEMENT
230,ESP,T702497,ANTI-TERRORISM ETA (ATE)
230,ESP,T1045,COORDINATION OF THE UNITED REVOLUTIONARY ORGANIZATION (CORU)
230,ESP,T702490,AGEL
230,ESP,T401,RED GUERRILLA - ITALY
230,ESP,T473,ACCION NACIONAL ESPANOLA
230,ESP,T716,JARRAI
230,ESP,T721,BATASUNA
230,ESP,T485,FREE LAND
230,ESP,T208,ISLAMIC JIHAD FOR THE LIBERATION OF PALESTINE
230,ESP,T970,AL-FATAH UPRISING
230,ESP,T64,ANTI-TERRORIST LIBERATION GROUP (GAL)
230,ESP,T14,AL-BORKAN
230,ESP,T1081,FREE GALICIAN PEOPLE'S GUERRILLA ARMY
230,ESP,T1317,RED ARMY FOR THE LIBERATION OF CATALONIA (ERCA)
230,ESP,T2465,YOUNG PATRIOTS (SPAIN)
230,ESP,T303,MOROCCAN ISLAMIC COMBATANT GROUP (GICM)
230,ESP,T1725,GUERILLA PARTY OF THE GALICIAN POOR
230,ESP,T1225,PALESTINIAN LIBERATION COMMAND
230,ESP,T431,REVOLUTIONARY PERSPECTIVE
230,ESP,T1568,THE ANARCHISTS
230,ESP,T390,HAIKA (SEGI)
230,ESP,T174,CINQUE C
230,ESP,T2,ABU HAFS AL-MASRI BRIGADE
230,ESP,T820,ABU NAYAF AL-AFGANI
230,ESP,T1404,IRRINTZI
230,ESP,T2640,GALICIAN RESISTANCE (REGA)
451,SLE,T438,REVOLUTIONARY UNITED FRONT (RUF)
451,SLE,T2258,KAMAJORS
451,SLE,T81,ARMED FORCES REVOLUTIONARY COUNCIL (AFRC)
451,SLE,T2461,WEST SIDE BOYS
451,SLE,T1078,CIVIL DEFENSE FORCE - SIERRA LEONE
652,SYR,T567,PFLP - EO
652,SYR,T550,MUSLIM BROTHERHOOD
652,SYR,T1405,ISLAMIC TASK ORGANIZATION
652,SYR,T32,AL SAIQA
652,SYR,T362,PALESTINIAN POPULAR STRUGGLE FRONT (PSF)
652,SYR,T378,POPULAR FRONT FOR THE LIBERATION OF PALESTINE (PFLP)
652,FRG,T379,POPULAR FRONT FOR THE LIBERATION OF PALESTINE - GENERAL COMMAND (PFLP-GC)
652,SYR,T263,KURDISTAN FREEDOM AND DEMOCRACY CONGRESS
652,SYR,T3,FATAH AL-MAJLIS AL-THAWRI
652,SYR,T70,ARAB COMMUNIST ORGANIZATION
652,SYR,T185,FRONT FOR THE LIBERATION OF LEBANON FROM FOREIGNERS
652,SYR,T31,SAYF AL-ISLAM BRIGADES
652,SYR,T361,HARAKAT AL-JIHAD AL-ISLAMI FI FILASTIN
652,SYR,T292,MAY 15 ORGANIZATION FOR THE LIBERATION OF PALESTINE
652,SYR,T480,AL-HIZB A-SURI AL-QAWMI AL-IJTIMA'EE
652,SYR,T871,AL-SADR KATA'IB
652,SYR,T35,AL ZULFIKAR
652,SYR,T566,ISLAMIC MOVEMENT FOR CHANGE
652,SYR,T918,JUND AL-SHAM
652,SYR,T346,BATTALION OF THE MARTYR ABDULLAH AZZAM
652,SYR,T1424,MILITARY WING OF THE GREATER SYRIAN ARMY
652,SYR,T1707,FREE SYRIAN ARMY (FSA)
652,SYR,T2690,FOREIGNERS OF GREATER SYRIA
652,SYR,T2622,JABHAT AL-NUSRA LI AL-SHAM (SUPPORT FRONT FOR THE PEOPLE OF SYRIA)
652,SYR,T2676,TAJAMO ANSAR AL-ISLAM
652,SYR,T2675,SYRIAN REVOLUTIONARIES - ALEPPO PROVINCE
652,SYR,T2636,DIRAA AL-SHAHBAA REBEL BRIGADE
652,SYR,T2635,DEMOCRATIC UNION PARTY
652,SYR,T2651,ISLAM BRIGADE
490,COD,T224,PROVOS
490,COD,T1446,POPULAR REVOLUTIONARY PARTY (PRP)
490,COD,T279,LORDS RESISTANCE ARMY (LRA)
490,COD,T1679,CONGOLESE LIBERATION PARTY (PLC)
490,COD,T315,ALLIED DEFENSE FORCES (ADF) (UGANDA)
490,COD,T1863,PARTY FOR THE LIBERATION OF THE HUTU PEOPLE
490,COD,T653,ALLIED DEMOCRATIC FORCES (ADF)
490,COD,T388,FORCES D AUTO-DEFENSE POPULAIRES
490,COD,T8800,EX-FAR (ARMED FORCES OF RWANDA)
490,COD,T88,ARMY FOR THE LIBERATION OF RWANDA
490,COD,T2418,RASTAS
490,COD,T531,WEST NILE BANK FRONT (WNBF)
490,COD,T2274,BANYAMULENGE REBELS
490,COD,T2008,CONGOLESE RALLY FOR DEMOCRACY (RCD)/RCD-GOMA
490,COD,T2174,MOUVEMENT POUR LA LIBERATION DU CONGO
490,COD,T2059,RCD-ML
490,COD,T2620,RCD-WAMBA
490,COD,T2282,KINGDOM OF KONGO (BDK)
490,COD,T1546,CONGOLESE RALLY FOR DEMOCRACY-NATIONAL (RCD-N)
490,COD,T2041,PEOPLE'S REDEMPTION ARMY
490,COD,T1022,CONGOLESE RALLY FOR DEMOCRACY - PATRICK MASUNZU
490,COD,T2394,NATIONALIST INTEGRATIONIST FRONT (FNI)
490,COD,T2186,UNION OF CONGOLESE PATRIOTS (UPC)
490,COD,T2403,PATRIOTIC RESISTANCE FRONT IN ITURI (FRPI)
490,COD,T1478,FRONT FOR PEACE AND RECONCILIATION (FRP)
490,COD,T2187,ARMED FORCES OF THE CONGOLESE PEOPLE
490,COD,T2603,PARTI POUR L'UNITE ET LA SAUVEGARDE DE L'INTEGRITE DU CONGO
490,COD,T2570,CONGOLESE RALLY FOR DEMOCRACY - LN
490,COD,T2598,CONGOLESE RALLY FOR DEMOCRACY - CHRISTIAN PAY PAY (RCD-CP)
490,COD,T2306,CONGRES NATIONAL POUR LA DEFENSE DU PEUPLE
490,COD,T2590,PARECO
490,COD,T2589,BANGADI MILITIA
490,COD,T717,CONGOLESE PATRIOTIC RESISTENCE-PATRIOTIC ARMED FORCES (PARECO/FAP)
490,COD,T2502,POPULAR FRONT FOR JUSTICE IN THE CONGO
490,COD,T983,ENYELE MILITIA
490,COD,T2615,MAYI MAYI COMPLET
490,COD,T2688,ANGRY CITIZENS (SWAHILI)
490,COD,T2496,FORCES DE DEFENSE CONGOLAISE
490,COD,T2689,ALLIANCE OF THE PEOPLE FOR A FREE AND SOVEREIGN CONGO
490,COD,T2653,MAI MAI SIMBA MILITIA
490,COD,T2687,MAYI MAYI LUMUMBA
490,COD,T2652,MARCH 23 MOVEMENT (M23)
92,SLV,T559,COMMUNIST PARTY OF EL SALVADOR
92,SLV,T369,FUERZAS POPULARES DE LIBERACION (FPL)
92,SLV,T785,PEOPLE'S REVOLUTIONARY ARMY (ERP) (EL SALVADOR)
92,SLV,T80,ARMED FORCES OF NATIONAL RESISTANCE (FARN)
92,SLV,T702528,UNION GUERRERA BLANCA (UGB)
92,SLV,T1337,UNITED POPULAR ACTION FRONT
92,SLV,T1901,SECRET ANTI-COMMUNIST ARMY (ESA)
92,SLV,T560,PEOPLES REVOLUTIONARY BLOC
92,SLV,T166,FRENTE FARABUNDO MARTI DE LIBERACION NACIONAL-FRENTE DEMOCRATICO REVOLUCIONARIO (FMLN-FDR)
92,SLV,T168,28 FEBRUARY PEOPLE'S LEAGUE
92,SLV,T673,CENTRAL AMERICAN WORKERS REVOLUTIONARY PARTY (PRTC)
92,SLV,T1806,MAXIMILIANO HERNANDEZ MARTINEZ BRIGADE
92,SLV,T1834,NATIONAL ANTI COMMUNIST COMMANDO
92,SLV,T1803,MANUEL JOSE ARCE COMMANDO
92,SLV,T147,DECEMBER 20 MOVEMENT
92,SLV,T2075,CENTRALES LOCOS SALVATRUCHAS
92,SLV,T2078,MODELOS LOCOS SALVATRUCHOS
436,NER,T9002,UFRA
436,NER,T9001,COORDINATION DE LA RESISTANCE ARME (CRA)
436,NER,T208,REVOLUTIONARY JUSTICE ORGANIZATION
,,,
436,NER,T1598,AIR AND AZAWAK LIBERATION FRONT
436,NER,T2189,NIGER MOVEMENT FOR JUSTICE
90,GTM,T197,PARTIDO GUATEMALTECO DEL TRABAJO (PGT)
90,GTM,T397,REBEL ARMED FORCES (FAR)
90,GTM,T702502,PROTESTANT EXTREMISTS
90,GTM,T199,GUERRILLA ARMY OF THE POOR (EGP)
90,GTM,T87,ARMENIAN SECRET ARMY FOR THE LIBERATION OF ARMENIA (ASALA)
90,GTM,T1045,COORDINATION OF UNITED REVOLUTIONARY ORGANIZATIONS
90,GTM,T1901,SECRET ANTI-COMMUNIST ARMY (ESA)
90,GUA,T1423,MANO BLANCA
90,GTM,T575,ORGANISATION OF PEOPLE IN ARMS (ORPA)
90,GUA,T1458,ROQUE DALTON COMMANDO
90,GUA,T965,FP-31
90,GUA,T198,UNIDAD REVOLUCIONARIA NACIONAL GAUTEMALTECA
90,GTM,T1047,SOLIDARIDAD CONTRAREVOLUCIONARIA
90,GTM,T902,ISLAMIC BROTHERHOOD
90,GTM,T2070,C?RTEL DE SINALOA
90,GTM,T2386,GULF CARTEL
101,VEN,T502,TUPAMARO REVOLUTIONARY MOVEMENT - JANUARY 23
101,VEN,T412,REVOLUTIONARY ARMED FORCES OF COLOMBIA (FARC)
101,VEN,T318,EJERCITO DE LIBERACION NACIONAL (ELN)
101,VEN,T380,PEOPLE?S LIBERATION ARMY (EPL)
101,VEN,T662,RED BANNER
101,VEN,T79,FUERZAS ARMADAS DE LIBERACION NACIONAL PUERTORIQUENA
101,VEN,T1575,ZERO POINT
101,VEN,T736,"JACKAL, CARLOS THE"
101,VEN,T472,BATALLON VASCO-ESPAEOL (BVE)
101,VEN,T69,APRIL 19 MOVEMENT (M-19)
101,VEN,T2037,INTERNATIONAL MOVEMENT OF THE PROLITARIAT
101,VEN,T460,COORDINADORA GUERRILLERA SIM¢N BOLIVAR (CGSB)
101,VEN,T526,VENCEREMOS
101,VEN,T115,MOVIMIENTO REVOLUCIONARIO CARAPAICA
101,VEN,T1438,OMAR TORRIJOS ANTI-INTERVENTION COMMAND GROUP
101,VEN,T1940,UNIDAD MILITAR BOLIVARIANA
101,VEN,T1944,VENEZUELA CARTEL
101,VEN,T1670,COMMAND FOR NATIONAL SOVEREIGNTY
101,VEN,T1701,FEBRUARY 27 REVOLUTIONARY ARMED FORCES
101,VEN,T837,BOLIVARIAN LIBERATION FORCES
101,VEN,T1653,BOLIVARIAN ARMY OF LIBERATION
101,VEN,T1267,REVOLUTIONARY BOLIVARIANO MOVEMENT 200
101,VEN,T1716,FUERZAS POPULARES JOSE LEONARDO CHIRINOS
101,VEN,T1376,COLONEL DORREGO ANTI-IMPERIALIST COMMAND
101,VEN,T268,EJERCITO PATRIOTICO LATINO AMERICANO (EPLA)
101,VEN,T522,UNITED SELF-DEFENSE FORCES OF VENEZUELA (AUV)
101,VEN,T838,EJERCITO DEL PUEBLO EN ARMAS (EPA)
101,VEN,T1372,BOLIVARIAN GUERILLA MOVEMENT (MGB)
101,VEN,T771,NESTOR ZERPA CARTOLLINI TACTICAL COMBAT UNIT
620,LBY,T3,REVOLUTIONARY ORGANIZATION OF SOCIALIST MUSLIMS
620,LBY,T74,ARAB NATIONALIST YOUTH ORGANIZATION FOR THE LIBERATION OF PALESTINE (ANYOLP)
620,LBY,T35,AL-ZULFIKAR
620,LBY,T1539,NATIONAL FRONT FOR THE SALVATION OF LIBYA
620,LBY,T320,NATIONAL PATRIOTIC FRONT OF LIBERIA (NPFL)
620,LBY,T1364,ARAB COMMANDO CELLS
620,LBY,T28,AL-QAEDA
620,LBY,T536,ISLAMIC JIHAD ORGANIZATION (YEMEN)
620,LBY,T1641,BASIC PEOPLE'S CONGRESSES
620,LBY,T278,LIBYAN FIGHTING GROUP
620,LBY,T203,ISLAMIC MOVEMENT OF MARTYRS
620,LBY,T305,MOVEMENT FOR DEMOCRACY AND JUSTICE IN CHAD (MDJT)
620,LBY,T2489,SUDAN LIBERATION MOVEMENT/ ARMY (SLM/A)
620,LBY,T2617,NATIONAL TRANSITIONAL COUNCIL
620,LBY,T2014,ZINTAN MILITIA
620,LBY,T2633,IMPRISONED SHEIKH OMAR ABDEL-RAHMAN BRIGADES
620,LBY,T2625,PARTISANS OF ISLAMIC LAW
850,IDN,T2017,RABITATUL MUJAHIDEEN
850,IDN,T650,ACEH SUMATRA NATIONAL LIBERATION FRONT (ASNLF)
850,IDN,T2023,MUJAHIDIN KAYAMANYA
850,IDN,T712,KOPASSUS
850,IDN,T2019,WAHDAH ISLAMIAH
850,IDN,T2020,REPUBLIK PERSATUAN ISLAM INDONESIA
850,IDN,T934,DARUL ISLAM
850,IDN,T2404,PEMUDA PANCASILA
850,IDN,T710,LIBERATION ARMY OF THE FREE PAPUA MOVEMENT
850,IDN,T1889,REVOLUTIONARY FRONT FOR AN INDEPENDENT EAST TIMOR (FRETILIN)
850,IDN,T2050,MAJELIS ULAMA INDONESIA
850,IDN,T178,GERAKIN ACEH MERDEKA (GAM)
850,IDN,T752,HOLY WAR COMMAND
850,IDN,T1625,ARMED FORCES FOR LIBERATION OF EAST TIMOR (FALINTIL)
850,IDN,T242,JEMAAH ISLAMIYA (JI)
850,IDN,T1208,NINJAS
850,IDN,T2010,NATIONAL AWAKENING PARTY (PKB)
850,IDN,T260,KUMPULAN MUJAHIDIN MALAYSIA (KMM)
850,IDN,T1318,DAYAKS
850,IDN,T184,ISLAMIC DEFENDERS FRONT
850,IDN,T2013,MEDICAL EMERGENCY RELIEF CHARITY (MERC)
850,IDN,T2011,KOMANDO LASKAR ISLAM
850,IDN,T469,SOUTH MALUKU REPUBLIC (RMS)
850,IDN,T857,DYNAMIC YOUTH FORUM
850,IDN,T766,NUSANTARA ISLAMIC JIHAD FORCES
850,IDN,T2409,PEOPLE'S SOVEREIGNTY PARTY (PDR)
850,IDN,T1187,MUJAHIDEEN DIVISION KHANDAQ
850,IDN,T340,ANTI-COMMUNIST COMMAND
850,IDN,T2015,INDONESIAN MUJAHEDEEN COUNCIL
850,IDN,T2012,BETAWI BROTHERHOOD FORUM
850,IDN,T753,LASKAR JIHAD
850,IDN,T603,MALUKU SOVEREIGNTY FRONT (FKM)
850,IDN,T735,KOMPAC
850,IDN,T2255,ANTI-APOSTATE MOVEMENT ALLIANCE (AGAP)
850,IDN,T2381,MUJAHIDIN AMBON
850,IDN,T2022,AL-QAEDA FOR THE MALAY ARCHIPELAGO
850,IDN,T2030,SARIYAH
850,IDN,T2024,TANZIM QAEDAT AL-JIHAD
850,IDN,T1760,JEMAAH ANSHORUT TAUHID (JAT)
